create database NexusPay1;

use NexusPay1;

CREATE TABLE Users (
    user_id INT PRIMARY KEY AUTO_INCREMENT,
    full_name VARCHAR(100) NOT NULL,
    phone VARCHAR(15) UNIQUE NOT NULL,
    email VARCHAR(100) UNIQUE NOT NULL,
    address TEXT NOT NULL,
    login_pin_hash VARCHAR(255) NOT NULL,
    transaction_pin_hash VARCHAR(255) NOT NULL,
    account_status ENUM('active', 'inactive', 'suspended') DEFAULT 'active',
    kyc_status ENUM('verified', 'pending', 'rejected') DEFAULT 'pending',
    created_at TIMESTAMP DEFAULT CURRENT_TIMESTAMP
);

-- Get all active users
SELECT * FROM Users WHERE account_status = 'active';

-- Count users by KYC status
SELECT kyc_status, COUNT(*) FROM Users GROUP BY kyc_status;

-- Suspended users
SELECT full_name, email FROM Users 
WHERE account_status = 'suspended';

CREATE TABLE Wallets (
    wallet_id INT PRIMARY KEY AUTO_INCREMENT,
    user_id INT UNIQUE,
    balance DECIMAL(12 , 2 ) DEFAULT 0.00,
    upi_handle VARCHAR(50) UNIQUE,
    is_active BOOLEAN DEFAULT TRUE,
    created_at TIMESTAMP DEFAULT CURRENT_TIMESTAMP,
    FOREIGN KEY (user_id) REFERENCES Users (user_id) ON DELETE CASCADE
);

-- Check wallet balances above 50,000
SELECT * FROM Wallets WHERE balance > 50000;

-- Total balance in system
SELECT SUM(balance) AS total_balance FROM Wallets;

-- Inactive wallets
SELECT * FROM Wallets WHERE is_active = FALSE;

-- Wallet with highest balance
SELECT * FROM Wallets ORDER BY balance DESC LIMIT 1;

CREATE TABLE BankAccounts (
    bank_id INT PRIMARY KEY AUTO_INCREMENT,
    user_id INT,
    bank_name VARCHAR(100),
    account_number VARCHAR(30) UNIQUE,
    ifsc_code VARCHAR(15),
    is_primary BOOLEAN DEFAULT FALSE,
    wallet_id INT,
FOREIGN KEY (user_id) REFERENCES Users(user_id) ON DELETE CASCADE,
FOREIGN KEY (wallet_id) REFERENCES Wallets(wallet_id) ON DELETE CASCADE
);

-- Primary bank accounts
SELECT * FROM BankAccounts WHERE is_primary = TRUE;

-- Count accounts per bank
SELECT bank_name, COUNT(*) FROM BankAccounts GROUP BY bank_name;



CREATE TABLE Merchants (
    merchant_id INT PRIMARY KEY AUTO_INCREMENT,
    merchant_name VARCHAR(100),
    category VARCHAR(50),
    owner_user_id INT,
     bank_id INT,
    FOREIGN KEY (owner_user_id) REFERENCES Users(user_id),
FOREIGN KEY (bank_id) REFERENCES BankAccounts(bank_id) 
);

-- All e-commerce merchants
SELECT * FROM Merchants WHERE category = 'E-commerce';

-- Count merchants per category
SELECT category, COUNT(*) FROM Merchants GROUP BY category;

-- Merchants with owners
SELECT merchant_name, owner_user_id FROM Merchants;

CREATE TABLE Transactions (
    txn_id INT PRIMARY KEY AUTO_INCREMENT,
    txn_ref VARCHAR(50) UNIQUE NOT NULL,
    sender_wallet_id INT,
    receiver_wallet_id INT,
    bank_id INT,
    merchant_id INT,
    txn_type ENUM('send', 'request', 'bill_pay', 'cashback'),
    amount DECIMAL(12,2) NOT NULL,
    fee DECIMAL(8,2) DEFAULT 0.00,
    net_amount DECIMAL(12,2) GENERATED ALWAYS AS (amount - fee) STORED,
    transaction_status ENUM('processing', 'success', 'failed') DEFAULT 'processing',
    created_at TIMESTAMP DEFAULT CURRENT_TIMESTAMP,
    FOREIGN KEY (sender_wallet_id) REFERENCES Wallets(wallet_id),
    FOREIGN KEY (receiver_wallet_id) REFERENCES Wallets(wallet_id),
    FOREIGN KEY (bank_id) REFERENCES BankAccounts(bank_id),
    FOREIGN KEY (merchant_id) REFERENCES Merchants(merchant_id)
);

-- Successful transactions
SELECT * FROM Transactions WHERE transaction_status = 'success';

-- Total transaction amount
SELECT SUM(amount) FROM Transactions;

-- Failed transactions
SELECT * FROM Transactions WHERE transaction_status = 'failed';

-- Top 5 highest transactions
SELECT * FROM Transactions ORDER BY amount DESC LIMIT 5;

-- Transactions with fees > 10
SELECT * FROM Transactions WHERE fee > 10;

CREATE TABLE TransactionHistory (
    history_id INT PRIMARY KEY AUTO_INCREMENT,
    txn_id INT,
    old_status VARCHAR(50),
    new_status VARCHAR(50),
    action_type VARCHAR(50),
    performed_by VARCHAR(20),
    created_at TIMESTAMP DEFAULT CURRENT_TIMESTAMP,
    FOREIGN KEY (txn_id) REFERENCES Transactions (txn_id) ON DELETE CASCADE
);

-- All history logs
SELECT * FROM TransactionHistory;

-- Status change tracking
SELECT txn_id, old_status, new_status 
FROM TransactionHistory;

-- Count actions by type
SELECT action_type, COUNT(*) 
FROM TransactionHistory GROUP BY action_type;

CREATE TABLE FraudDetection (
    fraud_id INT PRIMARY KEY AUTO_INCREMENT,
    txn_id INT,
    user_id INT,
    rule_name VARCHAR(100),
    rule_type ENUM('amount', 'velocity', 'location', 'device'),
    risk_score INT,
    action_taken ENUM('flag', 'block', 'verify'),
    fraud_status ENUM('flagged', 'confirmed', 'cleared') DEFAULT 'flagged',
    created_at TIMESTAMP DEFAULT CURRENT_TIMESTAMP,
    FOREIGN KEY (txn_id) REFERENCES Transactions (txn_id),
    FOREIGN KEY (user_id) REFERENCES Users (user_id)
);

-- High risk transactions (risk_score > 80)
SELECT * FROM FraudDetection WHERE risk_score > 80;

-- Count by fraud status
SELECT fraud_status, COUNT(*) 
FROM FraudDetection GROUP BY fraud_status;

-- Blocked transactions
SELECT * FROM FraudDetection WHERE action_taken = 'block';

CREATE TABLE Services (
    service_id INT PRIMARY KEY AUTO_INCREMENT,
    user_id INT,
    merchant_id INT,
    bank_id INT,
    service_type ENUM('coupon', 'discount', 'loan', 'cashback', 'autopay'),
    service_name VARCHAR(100),
    amount DECIMAL(12 , 2 ),
    interest_rate DECIMAL(5 , 2 ),
    frequency ENUM('weekly', 'monthly'),
    next_due_date DATE,
    service_status ENUM('active', 'used', 'expired', 'paused') DEFAULT 'active',
    created_at TIMESTAMP DEFAULT CURRENT_TIMESTAMP,
    FOREIGN KEY (user_id) REFERENCES Users (user_id),
    FOREIGN KEY (merchant_id) REFERENCES Merchants (merchant_id),
    FOREIGN KEY (bank_id) REFERENCES BankAccounts (bank_id)
);

-- Active services
SELECT * FROM Services WHERE service_status = 'active';

-- Services expiring soon
SELECT * FROM Services 
WHERE next_due_date <= CURDATE() + INTERVAL 7 DAY;

-- Count services by type
SELECT service_type, COUNT(*) 
FROM Services GROUP BY service_type;


CREATE TABLE Revenue (
    revenue_id INT PRIMARY KEY AUTO_INCREMENT,
    txn_id INT,
    user_id INT,
    merchant_id INT,
    service_id INT,
    revenue_type ENUM(
        'transaction_fee',
        'merchant_commission',
        'loan_interest',
        'autopay_fee'),
    amount DECIMAL(12,2),
    created_at TIMESTAMP DEFAULT CURRENT_TIMESTAMP,
    FOREIGN KEY (txn_id) REFERENCES Transactions(txn_id),
    FOREIGN KEY (user_id) REFERENCES Users(user_id),
    FOREIGN KEY (merchant_id) REFERENCES Merchants(merchant_id),
    FOREIGN KEY (service_id) REFERENCES Services(service_id)
);

-- Total revenue
SELECT SUM(amount) FROM Revenue;

-- Revenue by type
SELECT revenue_type, SUM(amount) 
FROM Revenue GROUP BY revenue_type;

-- Revenue per merchant
SELECT merchant_id, SUM(amount) 
FROM Revenue GROUP BY merchant_id;

CREATE TABLE SupportTickets (
    ticket_id INT PRIMARY KEY AUTO_INCREMENT,
    user_id INT,
    txn_id INT,
    issue_type VARCHAR(50),
    description TEXT,
    status ENUM('open', 'in_progress', 'resolved') DEFAULT 'open',
    created_at TIMESTAMP DEFAULT CURRENT_TIMESTAMP,
    resolved_at TIMESTAMP NULL,
    FOREIGN KEY (user_id) REFERENCES Users(user_id),
    FOREIGN KEY (txn_id) REFERENCES Transactions(txn_id)
);
-- Open tickets
SELECT * FROM SupportTickets WHERE status = 'open';

-- Resolved tickets
SELECT * FROM SupportTickets WHERE status = 'resolved';

-- Tickets per issue type
SELECT issue_type, COUNT(*) 
FROM SupportTickets GROUP BY issue_type;

CREATE TABLE Reviews (
    review_id INT PRIMARY KEY AUTO_INCREMENT,
    user_id INT,
    txn_id INT,
    rating INT CHECK (rating BETWEEN 1 AND 5),
    feedback TEXT,
    review_type ENUM('support', 'transaction', 'app'),
    created_at TIMESTAMP DEFAULT CURRENT_TIMESTAMP,
    FOREIGN KEY (user_id) REFERENCES Users(user_id),
    FOREIGN KEY (txn_id) REFERENCES Transactions(txn_id)
);
-- Average rating
SELECT AVG(rating) FROM Reviews;

-- Reviews with low rating (<=2)
SELECT * FROM Reviews WHERE rating <= 2;

-- Count reviews by type
SELECT review_type, COUNT(*) 
FROM Reviews GROUP BY review_type;

INSERT INTO Users (full_name, phone, email, address, login_pin_hash, transaction_pin_hash, account_status, kyc_status) VALUES
('Rajesh Kumar', '9876543210', 'rajesh.kumar@email.com', '123 Main St, Delhi', 'hash_login_1', 'hash_txn_1', 'active', 'verified'),
('Priya Sharma', '9876543211', 'priya.sharma@email.com', '456 Park Ave, Mumbai', 'hash_login_2', 'hash_txn_2', 'active', 'verified'),
('Amit Patel', '9876543212', 'amit.patel@email.com', '789 Lake Rd, Chennai', 'hash_login_3', 'hash_txn_3', 'active', 'pending'),
('Sneha Reddy', '9876543213', 'sneha.reddy@email.com', '321 Hill St, Bangalore', 'hash_login_4', 'hash_txn_4', 'active', 'verified'),
('Vikram Singh', '9876543214', 'vikram.singh@email.com', '654 Forest Ln, Hyderabad', 'hash_login_5', 'hash_txn_5', 'inactive', 'rejected'),
('Anjali Gupta', '9876543215', 'anjali.gupta@email.com', '987 River Rd, Pune', 'hash_login_6', 'hash_txn_6', 'active', 'verified'),
('Rahul Mehta', '9876543216', 'rahul.mehta@email.com', '147 Ocean Dr, Kolkata', 'hash_login_7', 'hash_txn_7', 'active', 'verified'),
('Neha Kapoor', '9876543217', 'neha.kapoor@email.com', '258 Sunset Blvd, Ahmedabad', 'hash_login_8', 'hash_txn_8', 'suspended', 'pending'),
('Deepak Joshi', '9876543218', 'deepak.joshi@email.com', '369 Moon St, Jaipur', 'hash_login_9', 'hash_txn_9', 'active', 'verified'),
('Kavita Nair', '9876543219', 'kavita.nair@email.com', '741 Star Ave, Lucknow', 'hash_login_10', 'hash_txn_10', 'active', 'verified'),
('Sanjay Verma', '9876543220', 'sanjay.verma@email.com', '852 Cloud Rd, Nagpur', 'hash_login_11', 'hash_txn_11', 'active', 'pending'),
('Pooja Malhotra', '9876543221', 'pooja.malhotra@email.com', '963 Sky Ln, Indore', 'hash_login_12', 'hash_txn_12', 'active', 'verified'),
('Arjun Nair', '9876543222', 'arjun.nair@email.com', '159 River St, Bhopal', 'hash_login_13', 'hash_txn_13', 'inactive', 'rejected'),
('Divya Krishnan', '9876543223', 'divya.krishnan@email.com', '753 Lake Ave, Vadodara', 'hash_login_14', 'hash_txn_14', 'active', 'verified'),
('Manish Tiwari', '9876543224', 'manish.tiwari@email.com', '951 Park Rd, Ludhiana', 'hash_login_15', 'hash_txn_15', 'active', 'verified'),
('Swati Choudhury', '9876543225', 'swati.choudhury@email.com', '357 Hill Dr, Agra', 'hash_login_16', 'hash_txn_16', 'active', 'pending'),
('Ravi Shankar', '9876543226', 'ravi.shankar@email.com', '486 Forest Ave, Nashik', 'hash_login_17', 'hash_txn_17', 'active', 'verified'),
('Meera Iyer', '9876543227', 'meera.iyer@email.com', '624 Ocean Rd, Ranchi', 'hash_login_18', 'hash_txn_18', 'active', 'verified'),
('Suresh Menon', '9876543228', 'suresh.menon@email.com', '135 Desert St, Jodhpur', 'hash_login_19', 'hash_txn_19', 'suspended', 'rejected'),
('Lata Srinivasan', '9876543229', 'lata.srinivasan@email.com', '579 Valley Ln, Chandigarh', 'hash_login_20', 'hash_txn_20', 'active', 'verified'),
('Mohan Das', '9876543230', 'mohan.das@email.com', '864 Garden Rd, Patna', 'hash_login_21', 'hash_txn_21', 'active', 'verified'),
('Sunita Williams', '9876543231', 'sunita.williams@email.com', '246 Temple St, Thiruvananthapuram', 'hash_login_22', 'hash_txn_22', 'active', 'pending'),
('Gopal Krishnan', '9876543232', 'gopal.krishnan@email.com', '135 Bridge Ln, Guwahati', 'hash_login_23', 'hash_txn_23', 'active', 'verified'),
('Radhika Shenoy', '9876543233', 'radhika.shenoy@email.com', '468 Canal Rd, Coimbatore', 'hash_login_24', 'hash_txn_24', 'inactive', 'rejected'),
('Venkatesh Rao', '9876543234', 'venkatesh.rao@email.com', '579 Marina Dr, Visakhapatnam', 'hash_login_25', 'hash_txn_25', 'active', 'verified'),
('Shobha De', '9876543235', 'shobha.de@email.com', '682 Hillside Ave, Surat', 'hash_login_26', 'hash_txn_26', 'active', 'verified'),
('Prakash Raj', '9876543236', 'prakash.raj@email.com', '793 Meadows St, Mysore', 'hash_login_27', 'hash_txn_27', 'active', 'pending'),
('Kiran Bedi', '9876543237', 'kiran.bedi@email.com', '904 Royal Ln, Udaipur', 'hash_login_28', 'hash_txn_28', 'suspended', 'verified'),
('Narayan Murthy', '9876543238', 'narayan.murthy@email.com', '125 Pine Rd, Aurangabad', 'hash_login_29', 'hash_txn_29', 'active', 'verified'),
('Sudha Murty', '9876543239', 'sudha.murty@email.com', '236 Oak Ave, Allahabad', 'hash_login_30', 'hash_txn_30', 'active', 'verified'),
('Azim Premji', '9876543240', 'azim.premji@email.com', '347 Cedar St, Ranchi', 'hash_login_31', 'hash_txn_31', 'active', 'verified'),
('Nandan Nilekani', '9876543241', 'nandan.nilekani@email.com', '458 Elm Dr, Bhubaneswar', 'hash_login_32', 'hash_txn_32', 'active', 'pending'),
('Kiran Mazumdar', '9876543242', 'kiran.mazumdar@email.com', '569 Birch Ln, Dehradun', 'hash_login_33', 'hash_txn_33', 'active', 'verified'),
('Ratan Tata', '9876543243', 'ratan.tata@email.com', '670 Spruce Rd, Shimla', 'hash_login_34', 'hash_txn_34', 'inactive', 'rejected'),
('Mukesh Ambani', '9876543244', 'mukesh.ambani@email.com', '781 Willow Ave, Gangtok', 'hash_login_35', 'hash_txn_35', 'active', 'verified'),
('Anita Lal', '9876543245', 'anita.lal@email.com', '892 Poplar St, Imphal', 'hash_login_36', 'hash_txn_36', 'active', 'verified'),
('Vijay Shekhar', '9876543246', 'vijay.shekhar@email.com', '903 Ash Rd, Aizawl', 'hash_login_37', 'hash_txn_37', 'active', 'pending'),
('Kunal Shah', '9876543247', 'kunal.shah@email.com', '124 Beech Ln, Kohima', 'hash_login_38', 'hash_txn_38', 'suspended', 'verified'),
('Deep Kalra', '9876543248', 'deep.kalra@email.com', '235 Maple Dr, Shillong', 'hash_login_39', 'hash_txn_39', 'active', 'verified'),
('Bhavish Aggarwal', '9876543249', 'bhavish.aggarwal@email.com', '346 Sycamore Rd, Agartala', 'hash_login_40', 'hash_txn_40', 'active', 'verified'),
('Ritesh Agarwal', '9876543250', 'ritesh.agarwal@email.com', '457 Hickory St, Daman', 'hash_login_41', 'hash_txn_41', 'active', 'verified'),
('Falguni Nayar', '9876543251', 'falguni.nayar@email.com', '568 Magnolia Ave, Diu', 'hash_login_42', 'hash_txn_42', 'active', 'pending'),
('Radhakishan Damani', '9876543252', 'radhakishan.damani@email.com', '679 Redwood Dr, Silvassa', 'hash_login_43', 'hash_txn_43', 'active', 'verified'),
('Gautam Adani', '9876543253', 'gautam.adani@email.com', '780 Sequoia Ln, Port Blair', 'hash_login_44', 'hash_txn_44', 'inactive', 'rejected'),
('Kumar Mangalam', '9876543254', 'kumar.mangalam@email.com', '891 Cypress Rd, Delhi', 'hash_login_45', 'hash_txn_45', 'active', 'verified'),
('Uday Kotak', '9876543255', 'uday.kotak@email.com', '902 Juniper St, Mumbai', 'hash_login_46', 'hash_txn_46', 'active', 'verified'),
('Aditya Puri', '9876543256', 'aditya.puri@email.com', '113 Palm Ave, Chennai', 'hash_login_47', 'hash_txn_47', 'active', 'pending'),
('Shikha Sharma', '9876543257', 'shikha.sharma@email.com', '224 Bamboo Ln, Bangalore', 'hash_login_48', 'hash_txn_48', 'suspended', 'verified'),
('Chanda Kochhar', '9876543258', 'chanda.kochhar@email.com', '335 Lotus Dr, Hyderabad', 'hash_login_49', 'hash_txn_49', 'active', 'verified'),
('Arundhati Bhattacharya', '9876543259', 'arundhati.bhattacharya@email.com', '446 Jasmine St, Pune', 'hash_login_50', 'hash_txn_50', 'active', 'verified'),
('Rana Kapoor', '9876543260', 'rana.kapoor@email.com', '557 Rose Rd, Kolkata', 'hash_login_51', 'hash_txn_51', 'active', 'verified'),
('Anand Mahindra', '9876543261', 'anand.mahindra@email.com', '668 Lily Ave, Ahmedabad', 'hash_login_52', 'hash_txn_52', 'active', 'pending'),
('Nikhil Kamath', '9876543262', 'nikhil.kamath@email.com', '779 Daisy Ln, Jaipur', 'hash_login_53', 'hash_txn_53', 'active', 'verified'),
('Nithin Kamath', '9876543263', 'nithin.kamath@email.com', '880 Sunflower St, Lucknow', 'hash_login_54', 'hash_txn_54', 'inactive', 'rejected'),
('Ashneer Grover', '9876543264', 'ashneer.grover@email.com', '991 Marigold Rd, Nagpur', 'hash_login_55', 'hash_txn_55', 'active', 'verified'),
('Shradha Sharma', '9876543265', 'shradha.sharma@email.com', '102 Tulip Dr, Indore', 'hash_login_56', 'hash_txn_56', 'active', 'verified'),
('Rohit Bansal', '9876543266', 'rohit.bansal@email.com', '213 Orchid Ave, Bhopal', 'hash_login_57', 'hash_txn_57', 'active', 'pending'),
('Sachin Bansal', '9876543267', 'sachin.bansal@email.com', '324 Lily Ln, Vadodara', 'hash_login_58', 'hash_txn_58', 'suspended', 'verified'),
('Binny Bansal', '9876543268', 'binny.bansal@email.com', '435 Iris Rd, Ludhiana', 'hash_login_59', 'hash_txn_59', 'active', 'verified'),
('Sanjeev Bikhchandani', '9876543269', 'sanjeev.bikhchandani@email.com', '546 Fern St, Agra', 'hash_login_60', 'hash_txn_60', 'active', 'verified'),
('Vani Kola', '9876543270', 'vani.kola@email.com', '657 Moss Ave, Nashik', 'hash_login_61', 'hash_txn_61', 'active', 'verified'),
('Rajiv Dhiman', '9876543271', 'rajiv.dhiman@email.com', '768 Pine Ln, Rajkot', 'hash_login_62', 'hash_txn_62', 'active', 'pending'),
('Neha Kirpal', '9876543272', 'neha.kirpal@email.com', '879 Cedar Dr, Madurai', 'hash_login_63', 'hash_txn_63', 'active', 'verified'),
('Anupam Mittal', '9876543273', 'anupam.mittal@email.com', '980 Elm St, Tiruchirappalli', 'hash_login_64', 'hash_txn_64', 'inactive', 'rejected'),
('Vineeta Singh', '9876543274', 'vineeta.singh@email.com', '191 Oak Ave, Jamshedpur', 'hash_login_65', 'hash_txn_65', 'active', 'verified'),
('Peyush Bansal', '9876543275', 'peyush.bansal@email.com', '282 Birch Ln, Dhanbad', 'hash_login_66', 'hash_txn_66', 'active', 'verified'),
('Namita Thapar', '9876543276', 'namita.thapar@email.com', '373 Spruce Dr, Varanasi', 'hash_login_67', 'hash_txn_67', 'active', 'pending'),
('Amit Jain', '9876543277', 'amit.jain@email.com', '464 Willow Rd, Srinagar', 'hash_login_68', 'hash_txn_68', 'suspended', 'verified'),
('Ankur Warikoo', '9876543278', 'ankur.warikoo@email.com', '555 Poplar Ave, Jammu', 'hash_login_69', 'hash_txn_69', 'active', 'verified'),
('Tanmay Bhat', '9876543279', 'tanmay.bhat@email.com', '666 Ash St, Amritsar', 'hash_login_70', 'hash_txn_70', 'active', 'verified'),
('Aishwarya Rai', '9876543280', 'aishwarya.rai@email.com', '777 Beech Ln, Chandigarh', 'hash_login_71', 'hash_txn_71', 'active', 'verified'),
('Shah Rukh Khan', '9876543281', 'shah.rukh@email.com', '888 Maple Dr, Delhi', 'hash_login_72', 'hash_txn_72', 'active', 'pending'),
('Salman Khan', '9876543282', 'salman.khan@email.com', '999 Sycamore Rd, Mumbai', 'hash_login_73', 'hash_txn_73', 'active', 'verified'),
('Aamir Khan', '9876543283', 'aamir.khan@email.com', '111 Hickory St, Chennai', 'hash_login_74', 'hash_txn_74', 'inactive', 'rejected'),
('Akshay Kumar', '9876543284', 'akshay.kumar@email.com', '222 Magnolia Ave, Bangalore', 'hash_login_75', 'hash_txn_75', 'active', 'verified'),
('Deepika Padukone', '9876543285', 'deepika.padukone@email.com', '333 Redwood Dr, Hyderabad', 'hash_login_76', 'hash_txn_76', 'active', 'verified'),
('Priyanka Chopra', '9876543286', 'priyanka.chopra@email.com', '444 Sequoia Ln, Pune', 'hash_login_77', 'hash_txn_77', 'active', 'pending'),
('Ranbir Kapoor', '9876543287', 'ranbir.kapoor@email.com', '555 Cypress Rd, Kolkata', 'hash_login_78', 'hash_txn_78', 'suspended', 'verified'),
('Alia Bhatt', '9876543288', 'alia.bhatt@email.com', '666 Juniper St, Ahmedabad', 'hash_login_79', 'hash_txn_79', 'active', 'verified'),
('Ranveer Singh', '9876543289', 'ranveer.singh@email.com', '777 Palm Ave, Jaipur', 'hash_login_80', 'hash_txn_80', 'active', 'verified'),
('Katrina Kaif', '9876543290', 'katrina.kaif@email.com', '888 Bamboo Ln, Lucknow', 'hash_login_81', 'hash_txn_81', 'active', 'verified'),
('Hrithik Roshan', '9876543291', 'hrithik.roshan@email.com', '999 Lotus Dr, Nagpur', 'hash_login_82', 'hash_txn_82', 'active', 'pending'),
('Kareena Kapoor', '9876543292', 'kareena.kapoor@email.com', '123 Jasmine St, Indore', 'hash_login_83', 'hash_txn_83', 'active', 'verified'),
('Ajay Devgn', '9876543293', 'ajay.devgn@email.com', '234 Rose Rd, Bhopal', 'hash_login_84', 'hash_txn_84', 'inactive', 'rejected'),
('Kajol Devgn', '9876543294', 'kajol.devgn@email.com', '345 Lily Ave, Vadodara', 'hash_login_85', 'hash_txn_85', 'active', 'verified'),
('Varun Dhawan', '9876543295', 'varun.dhawan@email.com', '456 Daisy Ln, Ludhiana', 'hash_login_86', 'hash_txn_86', 'active', 'verified'),
('Sidharth Malhotra', '9876543296', 'sidharth.malhotra@email.com', '567 Sunflower St, Agra', 'hash_login_87', 'hash_txn_87', 'active', 'pending'),
('Kiara Advani', '9876543297', 'kiara.advani@email.com', '678 Marigold Rd, Nashik', 'hash_login_88', 'hash_txn_88', 'suspended', 'verified'),
('Kartik Aaryan', '9876543298', 'kartik.aaryan@email.com', '789 Tulip Dr, Rajkot', 'hash_login_89', 'hash_txn_89', 'active', 'verified'),
('Shraddha Kapoor', '9876543299', 'shraddha.kapoor@email.com', '890 Orchid Ave, Madurai', 'hash_login_90', 'hash_txn_90', 'active', 'verified'),
('Tiger Shroff', '9876543300', 'tiger.shroff@email.com', '901 Lily Ln, Tiruchirappalli', 'hash_login_91', 'hash_txn_91', 'active', 'verified'),
('Jacqueline Fernandez', '9876543301', 'jacqueline.fernandez@email.com', '112 Iris Rd, Jamshedpur', 'hash_login_92', 'hash_txn_92', 'active', 'pending'),
('John Abraham', '9876543302', 'john.abraham@email.com', '223 Fern St, Dhanbad', 'hash_login_93', 'hash_txn_93', 'active', 'verified'),
('Nora Fatehi', '9876543303', 'nora.fatehi@email.com', '334 Moss Ave, Varanasi', 'hash_login_94', 'hash_txn_94', 'inactive', 'rejected'),
('Disha Patani', '9876543304', 'disha.patani@email.com', '445 Pine Ln, Srinagar', 'hash_login_95', 'hash_txn_95', 'active', 'verified'),
('Aditya Roy Kapur', '9876543305', 'aditya.kapur@email.com', '556 Cedar Dr, Jammu', 'hash_login_96', 'hash_txn_96', 'active', 'verified'),
('Ananya Panday', '9876543306', 'ananya.panday@email.com', '667 Elm St, Amritsar', 'hash_login_97', 'hash_txn_97', 'active', 'pending'),
('Sara Ali Khan', '9876543307', 'sara.khan@email.com', '778 Oak Ave, Chandigarh', 'hash_login_98', 'hash_txn_98', 'suspended', 'verified'),
('Ishaan Khatter', '9876543308', 'ishaan.khatter@email.com', '889 Birch Ln, Delhi', 'hash_login_99', 'hash_txn_99', 'active', 'verified'),
('Janhvi Kapoor', '9876543309', 'janhvi.kapoor@email.com', '990 Spruce Dr, Mumbai', 'hash_login_100', 'hash_txn_100', 'active', 'verified');


INSERT INTO Wallets (user_id, balance, upi_handle, is_active, created_at) VALUES
(1, 15450.75, 'rajesh.kumar.1@nexuspay', TRUE, '2024-01-15 10:30:00'),
(2, 28750.50, 'priya.sharma.2@nexuspay', TRUE, '2024-01-16 14:45:00'),
(3, 500.00, 'amit.patel.3@nexuspay', TRUE, '2024-01-17 09:15:00'),
(4, 43200.25, 'sneha.reddy.4@nexuspay', TRUE, '2024-01-18 16:20:00'),
(5, 1250.00, 'vikram.singh.5@nexuspay', FALSE, '2024-01-19 11:00:00'),
(6, 18900.00, 'anjali.gupta.6@nexuspay', TRUE, '2024-01-20 13:30:00'),
(7, 34250.80, 'rahul.mehta.7@nexuspay', TRUE, '2024-01-21 10:45:00'),
(8, 750.50, 'neha.kapoor.8@nexuspay', FALSE, '2024-01-22 15:10:00'),
(9, 25600.00, 'deepak.joshi.9@nexuspay', TRUE, '2024-01-23 12:00:00'),
(10, 19800.90, 'kavita.nair.10@nexuspay', TRUE, '2024-01-24 09:30:00'),
(11, 5200.00, 'sanjay.verma.11@nexuspay', TRUE, '2024-01-25 14:15:00'),
(12, 67300.25, 'pooja.malhotra.12@nexuspay', TRUE, '2024-01-26 11:45:00'),
(13, 890.00, 'arjun.nair.13@nexuspay', FALSE, '2024-01-27 16:30:00'),
(14, 44500.50, 'divya.krishnan.14@nexuspay', TRUE, '2024-01-28 10:00:00'),
(15, 23450.75, 'manish.tiwari.15@nexuspay', TRUE, '2024-01-29 13:15:00'),
(16, 3450.00, 'swati.choudhury.16@nexuspay', TRUE, '2024-01-30 15:45:00'),
(17, 56780.30, 'ravi.shankar.17@nexuspay', TRUE, '2024-01-31 09:00:00'),
(18, 8900.00, 'meera.iyer.18@nexuspay', TRUE, '2024-02-01 12:30:00'),
(19, 320.50, 'suresh.menon.19@nexuspay', FALSE, '2024-02-02 14:00:00'),
(20, 123400.00, 'lata.srinivasan.20@nexuspay', TRUE, '2024-02-03 11:20:00'),
(21, 45670.25, 'mohan.das.21@nexuspay', TRUE, '2024-02-04 10:10:00'),
(22, 7890.00, 'sunita.williams.22@nexuspay', TRUE, '2024-02-05 13:40:00'),
(23, 23400.50, 'gopal.krishnan.23@nexuspay', TRUE, '2024-02-06 09:50:00'),
(24, 5670.00, 'radhika.shenoy.24@nexuspay', FALSE, '2024-02-07 15:30:00'),
(25, 98750.75, 'venkatesh.rao.25@nexuspay', TRUE, '2024-02-08 12:15:00'),
(26, 34560.00, 'shobha.de.26@nexuspay', TRUE, '2024-02-09 14:45:00'),
(27, 12340.25, 'prakash.raj.27@nexuspay', TRUE, '2024-02-10 11:00:00'),
(28, 890.50, 'kiran.bedi.28@nexuspay', FALSE, '2024-02-11 16:20:00'),
(29, 456780.00, 'narayan.murthy.29@nexuspay', TRUE, '2024-02-12 10:30:00'),
(30, 67890.00, 'sudha.murty.30@nexuspay', TRUE, '2024-02-13 13:00:00'),
(31, 234560.50, 'azim.premji.31@nexuspay', TRUE, '2024-02-14 09:15:00'),
(32, 7890.75, 'nandan.nilekani.32@nexuspay', TRUE, '2024-02-15 15:45:00'),
(33, 345670.00, 'kiran.mazumdar.33@nexuspay', TRUE, '2024-02-16 12:30:00'),
(34, 1230.00, 'ratan.tata.34@nexuspay', FALSE, '2024-02-17 14:15:00'),
(35, 567890.25, 'mukesh.ambani.35@nexuspay', TRUE, '2024-02-18 11:45:00'),
(36, 45678.50, 'anita.lal.36@nexuspay', TRUE, '2024-02-19 10:00:00'),
(37, 23456.00, 'vijay.shekhar.37@nexuspay', TRUE, '2024-02-20 13:30:00'),
(38, 1234.75, 'kunal.shah.38@nexuspay', FALSE, '2024-02-21 09:45:00'),
(39, 78901.25, 'deep.kalra.39@nexuspay', TRUE, '2024-02-22 16:10:00'),
(40, 34567.00, 'bhavish.aggarwal.40@nexuspay', TRUE, '2024-02-23 12:00:00'),
(41, 89012.50, 'ritesh.agarwal.41@nexuspay', TRUE, '2024-02-24 14:30:00'),
(42, 2345.00, 'falguni.nayar.42@nexuspay', TRUE, '2024-02-25 11:15:00'),
(43, 56789.75, 'radhakishan.damani.43@nexuspay', TRUE, '2024-02-26 10:45:00'),
(44, 456.00, 'gautam.adani.44@nexuspay', FALSE, '2024-02-27 15:20:00'),
(45, 123456.00, 'kumar.mangalam.45@nexuspay', TRUE, '2024-02-28 13:45:00'),
(46, 78945.50, 'uday.kotak.46@nexuspay', TRUE, '2024-02-29 09:30:00'),
(47, 34567.25, 'aditya.puri.47@nexuspay', TRUE, '2024-03-01 12:15:00'),
(48, 1234.00, 'shikha.sharma.48@nexuspay', FALSE, '2024-03-02 14:50:00'),
(49, 234567.50, 'chanda.kochhar.49@nexuspay', TRUE, '2024-03-03 11:30:00'),
(50, 56789.00, 'arundhati.bhattacharya.50@nexuspay', TRUE, '2024-03-04 10:20:00'),
(51, 98765.75, 'rana.kapoor.51@nexuspay', TRUE, '2024-03-05 13:10:00'),
(52, 23456.25, 'anand.mahindra.52@nexuspay', TRUE, '2024-03-06 15:40:00'),
(53, 87654.00, 'nikhil.kamath.53@nexuspay', TRUE, '2024-03-07 12:25:00'),
(54, 123.50, 'nithin.kamath.54@nexuspay', FALSE, '2024-03-08 14:15:00'),
(55, 345678.00, 'ashneer.grover.55@nexuspay', TRUE, '2024-03-09 09:40:00'),
(56, 45678.25, 'shradha.sharma.56@nexuspay', TRUE, '2024-03-10 11:55:00'),
(57, 23456.75, 'rohit.bansal.57@nexuspay', TRUE, '2024-03-11 13:20:00'),
(58, 5678.00, 'sachin.bansal.58@nexuspay', FALSE, '2024-03-12 10:35:00'),
(59, 123456.50, 'binny.bansal.59@nexuspay', TRUE, '2024-03-13 15:50:00'),
(60, 78901.00, 'sanjeev.bikhchandani.60@nexuspay', TRUE, '2024-03-14 12:45:00'),
(61, 34567.50, 'vani.kola.61@nexuspay', TRUE, '2024-03-15 14:00:00'),
(62, 2345.75, 'rajiv.dhiman.62@nexuspay', TRUE, '2024-03-16 11:30:00'),
(63, 98765.25, 'neha.kirpal.63@nexuspay', TRUE, '2024-03-17 09:15:00'),
(64, 456.50, 'anupam.mittal.64@nexuspay', FALSE, '2024-03-18 13:45:00'),
(65, 234567.00, 'vineeta.singh.65@nexuspay', TRUE, '2024-03-19 10:00:00'),
(66, 56789.75, 'peyush.bansal.66@nexuspay', TRUE, '2024-03-20 15:30:00'),
(67, 12345.00, 'namita.thapar.67@nexuspay', TRUE, '2024-03-21 12:15:00'),
(68, 789.25, 'amit.jain.68@nexuspay', FALSE, '2024-03-22 14:45:00'),
(69, 456789.00, 'ankur.warikoo.69@nexuspay', TRUE, '2024-03-23 11:20:00'),
(70, 34567.00, 'tanmay.bhat.70@nexuspay', TRUE, '2024-03-24 09:55:00'),
(71, 23456.50, 'aishwarya.rai.71@nexuspay', TRUE, '2024-03-25 13:10:00'),
(72, 12345.75, 'shah.rukh.72@nexuspay', TRUE, '2024-03-26 10:40:00'),
(73, 67890.25, 'salman.khan.73@nexuspay', TRUE, '2024-03-27 15:05:00'),
(74, 234.00, 'aamir.khan.74@nexuspay', FALSE, '2024-03-28 12:30:00'),
(75, 345678.50, 'akshay.kumar.75@nexuspay', TRUE, '2024-03-29 14:20:00'),
(76, 98765.00, 'deepika.padukone.76@nexuspay', TRUE, '2024-03-30 11:45:00'),
(77, 23456.25, 'priyanka.chopra.77@nexuspay', TRUE, '2024-03-31 09:30:00'),
(78, 5678.50, 'ranbir.kapoor.78@nexuspay', FALSE, '2024-04-01 13:55:00'),
(79, 123456.00, 'alia.bhatt.79@nexuspay', TRUE, '2024-04-02 10:15:00'),
(80, 78901.75, 'ranveer.singh.80@nexuspay', TRUE, '2024-04-03 15:40:00'),
(81, 45678.50, 'katrina.kaif.81@nexuspay', TRUE, '2024-04-04 12:25:00'),
(82, 2345.00, 'hrithik.roshan.82@nexuspay', TRUE, '2024-04-05 14:50:00'),
(83, 987654.25, 'kareena.kapoor.83@nexuspay', TRUE, '2024-04-06 11:10:00'),
(84, 123.75, 'ajay.devgn.84@nexuspay', FALSE, '2024-04-07 09:45:00'),
(85, 567890.00, 'kajol.devgn.85@nexuspay', TRUE, '2024-04-08 13:20:00'),
(86, 34567.50, 'varun.dhawan.86@nexuspay', TRUE, '2024-04-09 10:55:00'),
(87, 23456.75, 'sidharth.malhotra.87@nexuspay', TRUE, '2024-04-10 15:15:00'),
(88, 890.00, 'kiara.advani.88@nexuspay', FALSE, '2024-04-11 12:40:00'),
(89, 123456.50, 'kartik.aaryan.89@nexuspay', TRUE, '2024-04-12 14:05:00'),
(90, 78901.25, 'shraddha.kapoor.90@nexuspay', TRUE, '2024-04-13 11:35:00'),
(91, 45678.00, 'tiger.shroff.91@nexuspay', TRUE, '2024-04-14 09:20:00'),
(92, 2345.50, 'jacqueline.fernandez.92@nexuspay', TRUE, '2024-04-15 13:50:00'),
(93, 56789.75, 'john.abraham.93@nexuspay', TRUE, '2024-04-16 10:25:00'),
(94, 456.25, 'nora.fatehi.94@nexuspay', FALSE, '2024-04-17 15:55:00'),
(95, 234567.00, 'disha.patani.95@nexuspay', TRUE, '2024-04-18 12:45:00'),
(96, 98765.50, 'aditya.kapur.96@nexuspay', TRUE, '2024-04-19 14:30:00'),
(97, 34567.25, 'ananya.panday.97@nexuspay', TRUE, '2024-04-20 11:00:00'),
(98, 1234.00, 'sara.khan.98@nexuspay', FALSE, '2024-04-21 09:35:00'),
(99, 678901.00, 'ishaan.khatter.99@nexuspay', TRUE, '2024-04-22 13:15:00'),
(100, 45678.75, 'janhvi.kapoor.100@nexuspay', TRUE, '2024-04-23 10:50:00');


INSERT INTO BankAccounts (user_id, bank_name, account_number, ifsc_code, is_primary, wallet_id) VALUES
(1, 'State Bank of India', 'SBIN123456789001', 'SBIN0012345', TRUE, 1),
(2, 'HDFC Bank', 'HDFC123456789002', 'HDFC0012345', TRUE, 2),
(3, 'ICICI Bank', 'ICICI123456789003', 'ICIC0012345', FALSE, 3),
(4, 'Axis Bank', 'AXIS123456789004', 'UTIB0012345', TRUE, 4),
(5, 'Kotak Mahindra Bank', 'KOTAK123456789005', 'KKBK0012345', FALSE, 5),
(6, 'State Bank of India', 'SBIN123456789006', 'SBIN0012346', TRUE, 6),
(7, 'HDFC Bank', 'HDFC123456789007', 'HDFC0012346', TRUE, 7),
(8, 'ICICI Bank', 'ICICI123456789008', 'ICIC0012346', FALSE, 8),
(9, 'Axis Bank', 'AXIS123456789009', 'UTIB0012346', TRUE, 9),
(10, 'Yes Bank', 'YESB123456789010', 'YESB0012345', TRUE, 10),
(11, 'State Bank of India', 'SBIN123456789011', 'SBIN0012347', FALSE, 11),
(12, 'HDFC Bank', 'HDFC123456789012', 'HDFC0012347', TRUE, 12),
(13, 'ICICI Bank', 'ICICI123456789013', 'ICIC0012347', FALSE, 13),
(14, 'Axis Bank', 'AXIS123456789014', 'UTIB0012347', TRUE, 14),
(15, 'Kotak Mahindra Bank', 'KOTAK123456789015', 'KKBK0012346', TRUE, 15),
(16, 'State Bank of India', 'SBIN123456789016', 'SBIN0012348', FALSE, 16),
(17, 'HDFC Bank', 'HDFC123456789017', 'HDFC0012348', TRUE, 17),
(18, 'ICICI Bank', 'ICICI123456789018', 'ICIC0012348', TRUE, 18),
(19, 'Axis Bank', 'AXIS123456789019', 'UTIB0012348', FALSE, 19),
(20, 'Yes Bank', 'YESB123456789020', 'YESB0012346', TRUE, 20),
(21, 'State Bank of India', 'SBIN123456789021', 'SBIN0012349', TRUE, 21),
(22, 'HDFC Bank', 'HDFC123456789022', 'HDFC0012349', FALSE, 22),
(23, 'ICICI Bank', 'ICICI123456789023', 'ICIC0012349', TRUE, 23),
(24, 'Axis Bank', 'AXIS123456789024', 'UTIB0012349', FALSE, 24),
(25, 'Kotak Mahindra Bank', 'KOTAK123456789025', 'KKBK0012347', TRUE, 25),
(26, 'State Bank of India', 'SBIN123456789026', 'SBIN0012350', TRUE, 26),
(27, 'HDFC Bank', 'HDFC123456789027', 'HDFC0012350', FALSE, 27),
(28, 'ICICI Bank', 'ICICI123456789028', 'ICIC0012350', TRUE, 28),
(29, 'Axis Bank', 'AXIS123456789029', 'UTIB0012350', TRUE, 29),
(30, 'Yes Bank', 'YESB123456789030', 'YESB0012347', FALSE, 30),
(31, 'State Bank of India', 'SBIN123456789031', 'SBIN0012351', TRUE, 31),
(32, 'HDFC Bank', 'HDFC123456789032', 'HDFC0012351', TRUE, 32),
(33, 'ICICI Bank', 'ICICI123456789033', 'ICIC0012351', FALSE, 33),
(34, 'Axis Bank', 'AXIS123456789034', 'UTIB0012351', FALSE, 34),
(35, 'Kotak Mahindra Bank', 'KOTAK123456789035', 'KKBK0012348', TRUE, 35),
(36, 'State Bank of India', 'SBIN123456789036', 'SBIN0012352', TRUE, 36),
(37, 'HDFC Bank', 'HDFC123456789037', 'HDFC0012352', FALSE, 37),
(38, 'ICICI Bank', 'ICICI123456789038', 'ICIC0012352', TRUE, 38),
(39, 'Axis Bank', 'AXIS123456789039', 'UTIB0012352', TRUE, 39),
(40, 'Yes Bank', 'YESB123456789040', 'YESB0012348', FALSE, 40),
(41, 'State Bank of India', 'SBIN123456789041', 'SBIN0012353', TRUE, 41),
(42, 'HDFC Bank', 'HDFC123456789042', 'HDFC0012353', TRUE, 42),
(43, 'ICICI Bank', 'ICICI123456789043', 'ICIC0012353', FALSE, 43),
(44, 'Axis Bank', 'AXIS123456789044', 'UTIB0012353', FALSE, 44),
(45, 'Kotak Mahindra Bank', 'KOTAK123456789045', 'KKBK0012349', TRUE, 45),
(46, 'State Bank of India', 'SBIN123456789046', 'SBIN0012354', TRUE, 46),
(47, 'HDFC Bank', 'HDFC123456789047', 'HDFC0012354', FALSE, 47),
(48, 'ICICI Bank', 'ICICI123456789048', 'ICIC0012354', TRUE, 48),
(49, 'Axis Bank', 'AXIS123456789049', 'UTIB0012354', TRUE, 49),
(50, 'Yes Bank', 'YESB123456789050', 'YESB0012349', FALSE, 50),
(51, 'State Bank of India', 'SBIN123456789051', 'SBIN0012355', TRUE, 51),
(52, 'HDFC Bank', 'HDFC123456789052', 'HDFC0012355', TRUE, 52),
(53, 'ICICI Bank', 'ICICI123456789053', 'ICIC0012355', FALSE, 53),
(54, 'Axis Bank', 'AXIS123456789054', 'UTIB0012355', FALSE, 54),
(55, 'Kotak Mahindra Bank', 'KOTAK123456789055', 'KKBK0012350', TRUE, 55),
(56, 'State Bank of India', 'SBIN123456789056', 'SBIN0012356', TRUE, 56),
(57, 'HDFC Bank', 'HDFC123456789057', 'HDFC0012356', FALSE, 57),
(58, 'ICICI Bank', 'ICICI123456789058', 'ICIC0012356', TRUE, 58),
(59, 'Axis Bank', 'AXIS123456789059', 'UTIB0012356', TRUE, 59),
(60, 'Yes Bank', 'YESB123456789060', 'YESB0012350', FALSE, 60),
(61, 'State Bank of India', 'SBIN123456789061', 'SBIN0012357', TRUE, 61),
(62, 'HDFC Bank', 'HDFC123456789062', 'HDFC0012357', TRUE, 62),
(63, 'ICICI Bank', 'ICICI123456789063', 'ICIC0012357', FALSE, 63),
(64, 'Axis Bank', 'AXIS123456789064', 'UTIB0012357', FALSE, 64),
(65, 'Kotak Mahindra Bank', 'KOTAK123456789065', 'KKBK0012351', TRUE, 65),
(66, 'State Bank of India', 'SBIN123456789066', 'SBIN0012358', TRUE, 66),
(67, 'HDFC Bank', 'HDFC123456789067', 'HDFC0012358', FALSE, 67),
(68, 'ICICI Bank', 'ICICI123456789068', 'ICIC0012358', TRUE, 68),
(69, 'Axis Bank', 'AXIS123456789069', 'UTIB0012358', TRUE, 69),
(70, 'Yes Bank', 'YESB123456789070', 'YESB0012351', FALSE, 70),
(71, 'State Bank of India', 'SBIN123456789071', 'SBIN0012359', TRUE, 71),
(72, 'HDFC Bank', 'HDFC123456789072', 'HDFC0012359', TRUE, 72),
(73, 'ICICI Bank', 'ICICI123456789073', 'ICIC0012359', FALSE, 73),
(74, 'Axis Bank', 'AXIS123456789074', 'UTIB0012359', FALSE, 74),
(75, 'Kotak Mahindra Bank', 'KOTAK123456789075', 'KKBK0012352', TRUE, 75),
(76, 'State Bank of India', 'SBIN123456789076', 'SBIN0012360', TRUE, 76),
(77, 'HDFC Bank', 'HDFC123456789077', 'HDFC0012360', FALSE, 77),
(78, 'ICICI Bank', 'ICICI123456789078', 'ICIC0012360', TRUE, 78),
(79, 'Axis Bank', 'AXIS123456789079', 'UTIB0012360', TRUE, 79),
(80, 'Yes Bank', 'YESB123456789080', 'YESB0012352', FALSE, 80),
(81, 'State Bank of India', 'SBIN123456789081', 'SBIN0012361', TRUE, 81),
(82, 'HDFC Bank', 'HDFC123456789082', 'HDFC0012361', TRUE, 82),
(83, 'ICICI Bank', 'ICICI123456789083', 'ICIC0012361', FALSE, 83),
(84, 'Axis Bank', 'AXIS123456789084', 'UTIB0012361', FALSE, 84),
(85, 'Kotak Mahindra Bank', 'KOTAK123456789085', 'KKBK0012353', TRUE, 85),
(86, 'State Bank of India', 'SBIN123456789086', 'SBIN0012362', TRUE, 86),
(87, 'HDFC Bank', 'HDFC123456789087', 'HDFC0012362', FALSE, 87),
(88, 'ICICI Bank', 'ICICI123456789088', 'ICIC0012362', TRUE, 88),
(89, 'Axis Bank', 'AXIS123456789089', 'UTIB0012362', TRUE, 89),
(90, 'Yes Bank', 'YESB123456789090', 'YESB0012353', FALSE, 90),
(91, 'State Bank of India', 'SBIN123456789091', 'SBIN0012363', TRUE, 91),
(92, 'HDFC Bank', 'HDFC123456789092', 'HDFC0012363', TRUE, 92),
(93, 'ICICI Bank', 'ICICI123456789093', 'ICIC0012363', FALSE, 93),
(94, 'Axis Bank', 'AXIS123456789094', 'UTIB0012363', FALSE, 94),
(95, 'Kotak Mahindra Bank', 'KOTAK123456789095', 'KKBK0012354', TRUE, 95),
(96, 'State Bank of India', 'SBIN123456789096', 'SBIN0012364', TRUE, 96),
(97, 'HDFC Bank', 'HDFC123456789097', 'HDFC0012364', FALSE, 97),
(98, 'ICICI Bank', 'ICICI123456789098', 'ICIC0012364', TRUE, 98),
(99, 'Axis Bank', 'AXIS123456789099', 'UTIB0012364', TRUE, 99),
(100, 'Yes Bank', 'YESB123456789100', 'YESB0012354', FALSE, 100);



INSERT INTO Merchants (merchant_name, category, owner_user_id, bank_id) VALUES
('Flipkart Online', 'E-commerce', 1, 1),
('Amazon India', 'E-commerce', 2, 2),
('Big Bazaar', 'Retail', 3, 4),
('Reliance Digital', 'Electronics', 4, 4),
('Tata Cliq', 'E-commerce', 5, 5),
('Myntra Fashion', 'Clothing', 6, 6),
('Swiggy Food', 'Food Delivery', 7, 7),
('Zomato Eats', 'Food Delivery', 8, 9),
('Uber India', 'Transport', 9, 9),
('Ola Cabs', 'Transport', 10, 10),
('PVR Cinemas', 'Entertainment', 11, 11),
('INOX Movies', 'Entertainment', 12, 12),
('McDonalds India', 'Restaurant', 13, 14),
('KFC Foods', 'Restaurant', 14, 14),
('Pizza Hut', 'Restaurant', 15, 15),
('Dominos Pizza', 'Restaurant', 16, 16),
('Starbucks Coffee', 'Cafe', 17, 17),
('Cafe Coffee Day', 'Cafe', 18, 18),
('Tanishq Jewelry', 'Jewelry', 19, 20),
('Malabar Gold', 'Jewelry', 20, 20),
('Lenskart Opticals', 'Eyewear', 21, 21),
('Titan Watches', 'Accessories', 22, 22),
('Decathlon Sports', 'Sports', 23, 23),
('Nike India', 'Sportswear', 24, 25),
('Adidas India', 'Sportswear', 25, 25),
('Puma Store', 'Sportswear', 26, 26),
('Apple Store', 'Electronics', 27, 27),
('Samsung Cafe', 'Electronics', 28, 29),
('Mi Home', 'Electronics', 29, 29),
('OnePlus Store', 'Electronics', 30, 30),
('Vijay Sales', 'Electronics', 31, 31),
('Croma Electronics', 'Electronics', 32, 32),
('Spencer Retail', 'Grocery', 33, 33),
('DMart Supermarket', 'Grocery', 34, 35),
('More Megastore', 'Grocery', 35, 35),
('Star Bazaar', 'Grocery', 36, 36),
('Nature Basket', 'Organic', 37, 37),
('Fabindia Store', 'Handicrafts', 38, 39),
('Nykaa Beauty', 'Cosmetics', 39, 39),
('Sephora India', 'Cosmetics', 40, 40),
('Lifestyle Store', 'Department Store', 41, 41),
('Shoppers Stop', 'Department Store', 42, 42),
('Pantaloons', 'Fashion', 43, 43),
('Westside Store', 'Fashion', 44, 45),
('H&M India', 'Clothing', 45, 45),
('Zara India', 'Clothing', 46, 46),
('Marks & Spencer', 'Clothing', 47, 47),
('Louis Philippe', 'Apparel', 48, 49),
('Arrow Clothing', 'Apparel', 49, 49),
('Peter England', 'Apparel', 50, 50),
('Allen Solly', 'Apparel', 51, 51),
('Van Heusen', 'Apparel', 52, 52),
('Raymond Shop', 'Fabrics', 53, 53),
('Bata India', 'Footwear', 54, 55),
('Metro Shoes', 'Footwear', 55, 55),
('Liberty Shoes', 'Footwear', 56, 56),
('Woodland Store', 'Outdoor', 57, 57),
('Wildcraft Gear', 'Outdoor', 58, 59),
('Queens Salon', 'Beauty', 59, 59),
('Lakme Salon', 'Beauty', 60, 60),
('VLCC Wellness', 'Wellness', 61, 61),
('Apollo Pharmacy', 'Pharmacy', 62, 62),
('MedPlus India', 'Pharmacy', 63, 63),
('1mg Health', 'Healthcare', 64, 65),
('Netmeds Store', 'Healthcare', 65, 65),
('Practo Care', 'Healthcare', 66, 66),
('BookMyShow', 'Entertainment', 67, 67),
('Paytm Mall', 'E-commerce', 68, 69),
('Mobikwik Wallet', 'Fintech', 69, 69),
('PhonePe Store', 'Fintech', 70, 70),
('Google Pay India', 'Fintech', 71, 71),
('Amazon Pay', 'Fintech', 72, 72),
('Freecharge Wallet', 'Fintech', 73, 73),
('BharatPe', 'Fintech', 74, 75),
('Ola Money', 'Fintech', 75, 75),
('Meesho Online', 'Social Commerce', 76, 76),
('ShopClues Deals', 'E-commerce', 77, 77),
('Snapdeal Market', 'E-commerce', 78, 79),
('Jabong Fashion', 'Clothing', 79, 79),
('Limero Fashion', 'Clothing', 80, 80),
('Curefit Fitness', 'Health', 81, 81),
('Cult.fit Gym', 'Fitness', 82, 82),
('Gold Gym India', 'Fitness', 83, 83),
('Anytime Fitness', 'Fitness', 84, 85),
('Urban Company', 'Services', 85, 85),
('Housejoy App', 'Services', 86, 86),
('UrbanClap Tech', 'Services', 87, 87),
('MakeMyTrip', 'Travel', 88, 89),
('Goibibo Travel', 'Travel', 89, 89),
('Yatra Online', 'Travel', 90, 90),
('Cleartrip Flights', 'Travel', 91, 91),
('RedBus Travel', 'Transport', 92, 92),
('Uber Eats', 'Food Delivery', 93, 93),
('Swiggy Genie', 'Delivery', 94, 95),
('Dunzo Delivery', 'Logistics', 95, 95),
('Shadowfax Tech', 'Logistics', 96, 96),
('Delhivery Express', 'Courier', 97, 97),
('Blue Dart Air', 'Courier', 98, 99),
('DTDC Courier', 'Logistics', 99, 99),
('Ecom Express', 'Delivery', 100, 100),
('Xpressbees', 'Logistics', 1, 2),
('Amazon Fresh', 'Grocery', 3, 3),
('Flipkart Grocery', 'Grocery', 5, 6),
('BigBasket Daily', 'Grocery', 7, 8),
('Zepto Quick', 'Grocery', 9, 10);


INSERT INTO Transactions (txn_ref, sender_wallet_id, receiver_wallet_id, bank_id, merchant_id, txn_type, amount, fee, transaction_status, created_at) VALUES
('TXN202401001', 1, 2, NULL, NULL, 'send', 2500.00, 5.00, 'success', '2024-01-15 10:30:00'),
('TXN202401002', 3, 4, 4, NULL, 'send', 500.00, 2.50, 'success', '2024-01-15 14:20:00'),
('TXN202401003', 5, 6, NULL, 5, 'bill_pay', 1200.00, 10.00, 'success', '2024-01-16 09:15:00'),
('TXN202401004', 7, 8, NULL, NULL, 'send', 3500.00, 7.00, 'success', '2024-01-16 16:45:00'),
('TXN202401005', 9, 10, 9, NULL, 'send', 1800.00, 3.60, 'failed', '2024-01-17 11:30:00'),
('TXN202401006', 11, 12, NULL, 12, 'bill_pay', 450.00, 2.25, 'success', '2024-01-17 13:50:00'),
('TXN202401007', 13, 14, NULL, NULL, 'request', 7500.00, 0.00, 'processing', '2024-01-18 10:00:00'),
('TXN202401008', 15, 16, 16, NULL, 'send', 3200.00, 6.40, 'success', '2024-01-18 15:30:00'),
('TXN202401009', 17, 18, NULL, 18, 'cashback', 150.00, 0.00, 'success', '2024-01-19 09:45:00'),
('TXN202401010', 19, 20, NULL, NULL, 'send', 890.00, 4.45, 'failed', '2024-01-19 14:20:00'),
('TXN202401011', 21, 22, 21, NULL, 'send', 4500.00, 9.00, 'success', '2024-01-20 11:15:00'),
('TXN202401012', 23, 24, NULL, 24, 'bill_pay', 2300.00, 11.50, 'success', '2024-01-20 16:30:00'),
('TXN202401013', 25, 26, NULL, NULL, 'request', 12000.00, 0.00, 'success', '2024-01-21 10:45:00'),
('TXN202401014', 27, 28, 28, NULL, 'send', 670.00, 3.35, 'success', '2024-01-21 13:20:00'),
('TXN202401015', 29, 30, NULL, 30, 'cashback', 200.00, 0.00, 'success', '2024-01-22 09:30:00'),
('TXN202401016', 31, 32, NULL, NULL, 'send', 8900.00, 17.80, 'processing', '2024-01-22 15:45:00'),
('TXN202401017', 33, 34, 34, NULL, 'send', 3400.00, 6.80, 'success', '2024-01-23 12:00:00'),
('TXN202401018', 35, 36, NULL, 36, 'bill_pay', 560.00, 2.80, 'success', '2024-01-23 14:30:00'),
('TXN202401019', 37, 38, NULL, NULL, 'send', 12700.00, 25.40, 'failed', '2024-01-24 10:15:00'),
('TXN202401020', 39, 40, 40, NULL, 'send', 4300.00, 8.60, 'success', '2024-01-24 16:00:00'),
('TXN202401021', 41, 42, NULL, 42, 'cashback', 300.00, 0.00, 'success', '2024-01-25 11:30:00'),
('TXN202401022', 43, 44, NULL, NULL, 'request', 5500.00, 0.00, 'success', '2024-01-25 13:45:00'),
('TXN202401023', 45, 46, 46, NULL, 'send', 2800.00, 5.60, 'success', '2024-01-26 09:20:00'),
('TXN202401024', 47, 48, NULL, 48, 'bill_pay', 1890.00, 9.45, 'processing', '2024-01-26 15:10:00'),
('TXN202401025', 49, 50, NULL, NULL, 'send', 6700.00, 13.40, 'success', '2024-01-27 12:30:00'),
('TXN202401026', 51, 52, 52, NULL, 'send', 890.00, 4.45, 'success', '2024-01-27 14:50:00'),
('TXN202401027', 53, 54, NULL, 54, 'cashback', 75.00, 0.00, 'success', '2024-01-28 10:00:00'),
('TXN202401028', 55, 56, NULL, NULL, 'request', 25000.00, 0.00, 'failed', '2024-01-28 16:30:00'),
('TXN202401029', 57, 58, 58, NULL, 'send', 1450.00, 7.25, 'success', '2024-01-29 11:45:00'),
('TXN202401030', 59, 60, NULL, 60, 'bill_pay', 3200.00, 16.00, 'success', '2024-01-29 13:15:00'),
('TXN202401031', 61, 62, NULL, NULL, 'send', 8900.00, 17.80, 'success', '2024-01-30 09:30:00'),
('TXN202401032', 63, 64, 64, NULL, 'send', 2340.00, 11.70, 'processing', '2024-01-30 15:40:00'),
('TXN202401033', 65, 66, NULL, 66, 'cashback', 500.00, 0.00, 'success', '2024-01-31 10:20:00'),
('TXN202401034', 67, 68, NULL, NULL, 'send', 4300.00, 8.60, 'success', '2024-01-31 14:00:00'),
('TXN202402035', 69, 70, 70, NULL, 'send', 7800.00, 15.60, 'success', '2024-02-01 11:30:00'),
('TXN202402036', 71, 72, NULL, 72, 'bill_pay', 950.00, 4.75, 'success', '2024-02-01 16:45:00'),
('TXN202402037', 73, 74, NULL, NULL, 'request', 15000.00, 0.00, 'success', '2024-02-02 09:15:00'),
('TXN202402038', 75, 76, 76, NULL, 'send', 5600.00, 11.20, 'failed', '2024-02-02 13:50:00'),
('TXN202402039', 77, 78, NULL, 78, 'cashback', 250.00, 0.00, 'success', '2024-02-03 10:30:00'),
('TXN202402040', 79, 80, NULL, NULL, 'send', 3200.00, 6.40, 'success', '2024-02-03 15:20:00'),
('TXN202402041', 81, 82, 82, NULL, 'send', 18700.00, 37.40, 'success', '2024-02-04 12:00:00'),
('TXN202402042', 83, 84, NULL, 84, 'bill_pay', 430.00, 2.15, 'processing', '2024-02-04 14:30:00'),
('TXN202402043', 85, 86, NULL, NULL, 'send', 8900.00, 17.80, 'success', '2024-02-05 11:15:00'),
('TXN202402044', 87, 88, 88, NULL, 'send', 2450.00, 12.25, 'success', '2024-02-05 16:00:00'),
('TXN202402045', 89, 90, NULL, 90, 'cashback', 180.00, 0.00, 'success', '2024-02-06 09:45:00'),
('TXN202402046', 91, 92, NULL, NULL, 'request', 8200.00, 0.00, 'failed', '2024-02-06 13:30:00'),
('TXN202402047', 93, 94, 94, NULL, 'send', 5600.00, 11.20, 'success', '2024-02-07 10:00:00'),
('TXN202402048', 95, 96, NULL, 96, 'bill_pay', 1280.00, 6.40, 'success', '2024-02-07 15:45:00'),
('TXN202402049', 97, 98, NULL, NULL, 'send', 34500.00, 69.00, 'processing', '2024-02-08 12:30:00'),
('TXN202402050', 99, 100, 100, NULL, 'send', 2340.00, 11.70, 'success', '2024-02-08 14:15:00'),
('TXN202402051', 2, 4, NULL, 4, 'bill_pay', 1750.00, 8.75, 'success', '2024-02-09 09:30:00'),
('TXN202402052', 6, 8, 8, NULL, 'send', 890.00, 4.45, 'success', '2024-02-09 13:20:00'),
('TXN202402053', 10, 12, NULL, NULL, 'cashback', 350.00, 0.00, 'success', '2024-02-10 11:45:00'),
('TXN202402054', 14, 16, NULL, 16, 'bill_pay', 4500.00, 22.50, 'success', '2024-02-10 15:30:00'),
('TXN202402055', 18, 20, 20, NULL, 'send', 2300.00, 11.50, 'failed', '2024-02-11 10:15:00'),
('TXN202402056', 22, 24, NULL, NULL, 'request', 6700.00, 0.00, 'success', '2024-02-11 14:40:00'),
('TXN202402057', 26, 28, NULL, 28, 'cashback', 125.00, 0.00, 'success', '2024-02-12 09:00:00'),
('TXN202402058', 30, 32, 32, NULL, 'send', 5600.00, 11.20, 'success', '2024-02-12 16:20:00'),
('TXN202402059', 34, 36, NULL, NULL, 'send', 8900.00, 17.80, 'processing', '2024-02-13 12:45:00'),
('TXN202402060', 38, 40, NULL, 40, 'bill_pay', 2340.00, 11.70, 'success', '2024-02-13 14:30:00'),
('TXN202402061', 42, 44, 44, NULL, 'send', 12300.00, 24.60, 'success', '2024-02-14 10:30:00'),
('TXN202402062', 46, 48, NULL, NULL, 'request', 4500.00, 0.00, 'failed', '2024-02-14 15:15:00'),
('TXN202402063', 50, 52, NULL, 52, 'cashback', 280.00, 0.00, 'success', '2024-02-15 11:00:00'),
('TXN202402064', 54, 56, 56, NULL, 'send', 780.00, 3.90, 'success', '2024-02-15 13:45:00'),
('TXN202402065', 58, 60, NULL, NULL, 'send', 15600.00, 31.20, 'success', '2024-02-16 09:30:00'),
('TXN202402066', 62, 64, NULL, 64, 'bill_pay', 890.00, 4.45, 'success', '2024-02-16 16:00:00'),
('TXN202402067', 66, 68, 68, NULL, 'send', 2340.00, 11.70, 'processing', '2024-02-17 12:15:00'),
('TXN202402068', 70, 72, NULL, NULL, 'cashback', 450.00, 0.00, 'success', '2024-02-17 14:30:00'),
('TXN202402069', 74, 76, NULL, 76, 'bill_pay', 6700.00, 33.50, 'success', '2024-02-18 10:45:00'),
('TXN202402070', 78, 80, 80, NULL, 'send', 1890.00, 9.45, 'success', '2024-02-18 15:20:00'),
('TXN202402071', 82, 84, NULL, NULL, 'request', 23400.00, 0.00, 'failed', '2024-02-19 11:30:00'),
('TXN202402072', 86, 88, NULL, 88, 'cashback', 320.00, 0.00, 'success', '2024-02-19 13:55:00'),
('TXN202402073', 90, 92, 92, NULL, 'send', 5600.00, 11.20, 'success', '2024-02-20 09:15:00'),
('TXN202402074', 94, 96, NULL, NULL, 'send', 8900.00, 17.80, 'success', '2024-02-20 16:30:00'),
('TXN202402075', 96, 98, NULL, 98, 'bill_pay', 3450.00, 17.25, 'processing', '2024-02-21 12:00:00'),
('TXN202402076', 98, 100, 100, NULL, 'send', 2340.00, 11.70, 'success', '2024-02-21 14:45:00'),
('TXN202402077', 1, 3, NULL, NULL, 'send', 890.00, 4.45, 'success', '2024-02-22 10:30:00'),
('TXN202402078', 5, 7, NULL, 7, 'cashback', 150.00, 0.00, 'success', '2024-02-22 13:15:00'),
('TXN202402079', 9, 11, 11, NULL, 'send', 4500.00, 9.00, 'failed', '2024-02-23 11:45:00'),
('TXN202402080', 13, 15, NULL, NULL, 'request', 12300.00, 0.00, 'success', '2024-02-23 15:30:00'),
('TXN202402081', 17, 19, NULL, 19, 'bill_pay', 2340.00, 11.70, 'success', '2024-02-24 09:30:00'),
('TXN202402082', 21, 23, 23, NULL, 'send', 7800.00, 15.60, 'success', '2024-02-24 14:20:00'),
('TXN202402083', 25, 27, NULL, NULL, 'cashback', 500.00, 0.00, 'processing', '2024-02-25 12:15:00'),
('TXN202402084', 29, 31, NULL, 31, 'bill_pay', 5600.00, 28.00, 'success', '2024-02-25 16:00:00'),
('TXN202402085', 33, 35, 35, NULL, 'send', 1890.00, 9.45, 'success', '2024-02-26 10:00:00'),
('TXN202402086', 37, 39, NULL, NULL, 'send', 45000.00, 90.00, 'failed', '2024-02-26 13:45:00'),
('TXN202402087', 41, 43, NULL, 43, 'cashback', 200.00, 0.00, 'success', '2024-02-27 11:30:00'),
('TXN202402088', 45, 47, 47, NULL, 'send', 3450.00, 17.25, 'success', '2024-02-27 15:15:00'),
('TXN202402089', 49, 51, NULL, NULL, 'request', 8900.00, 0.00, 'success', '2024-02-28 09:45:00'),
('TXN202402090', 53, 55, NULL, 55, 'bill_pay', 1280.00, 6.40, 'processing', '2024-02-28 14:30:00'),
('TXN202403091', 57, 59, 59, NULL, 'send', 5600.00, 11.20, 'success', '2024-03-01 12:00:00'),
('TXN202403092', 61, 63, NULL, NULL, 'cashback', 375.00, 0.00, 'success', '2024-03-01 16:45:00'),
('TXN202403093', 65, 67, NULL, 67, 'bill_pay', 23400.00, 117.00, 'failed', '2024-03-02 10:30:00'),
('TXN202403094', 69, 71, 71, NULL, 'send', 890.00, 4.45, 'success', '2024-03-02 13:20:00'),
('TXN202403095', 73, 75, NULL, NULL, 'send', 15600.00, 31.20, 'success', '2024-03-03 11:15:00'),
('TXN202403096', 77, 79, NULL, 79, 'cashback', 450.00, 0.00, 'success', '2024-03-03 15:40:00'),
('TXN202403097', 81, 83, 83, NULL, 'send', 6700.00, 13.40, 'processing', '2024-03-04 09:30:00'),
('TXN202403098', 85, 87, NULL, NULL, 'request', 12300.00, 0.00, 'success', '2024-03-04 14:15:00'),
('TXN202403099', 89, 91, NULL, 91, 'bill_pay', 2340.00, 11.70, 'success', '2024-03-05 12:45:00'),
('TXN202403100', 93, 95, 95, NULL, 'send', 8900.00, 17.80, 'success', '2024-03-05 16:30:00');



INSERT INTO TransactionHistory (txn_id, old_status, new_status, action_type, performed_by, created_at) VALUES
(1, 'processing', 'success', 'approve', 'system', '2024-01-15 10:30:05'),
(1, 'success', 'completed', 'settle', 'system', '2024-01-15 10:30:10'),
(2, 'processing', 'success', 'approve', 'system', '2024-01-15 14:20:03'),
(3, 'processing', 'success', 'approve', 'system', '2024-01-16 09:15:08'),
(3, 'success', 'completed', 'settle', 'system', '2024-01-16 09:15:15'),
(4, 'processing', 'success', 'approve', 'user', '2024-01-16 16:45:02'),
(5, 'processing', 'failed', 'reject', 'system', '2024-01-17 11:30:10'),
(5, 'failed', 'refunded', 'refund', 'system', '2024-01-17 11:35:00'),
(6, 'processing', 'success', 'approve', 'system', '2024-01-17 13:50:04'),
(7, 'processing', 'pending', 'initiate', 'user', '2024-01-18 10:00:02'),
(7, 'pending', 'processing', 'verify', 'system', '2024-01-18 10:05:00'),
(8, 'processing', 'success', 'approve', 'system', '2024-01-18 15:30:06'),
(9, 'processing', 'success', 'approve', 'system', '2024-01-19 09:45:03'),
(10, 'processing', 'failed', 'reject', 'system', '2024-01-19 14:20:08'),
(11, 'processing', 'success', 'approve', 'user', '2024-01-20 11:15:02'),
(11, 'success', 'completed', 'settle', 'system', '2024-01-20 11:15:09'),
(12, 'processing', 'success', 'approve', 'system', '2024-01-20 16:30:04'),
(13, 'processing', 'success', 'approve', 'system', '2024-01-21 10:45:07'),
(14, 'processing', 'success', 'approve', 'system', '2024-01-21 13:20:03'),
(15, 'processing', 'success', 'approve', 'user', '2024-01-22 09:30:01'),
(16, 'processing', 'pending', 'initiate', 'user', '2024-01-22 15:45:05'),
(16, 'pending', 'processing', 'verify', 'system', '2024-01-22 15:50:00'),
(17, 'processing', 'success', 'approve', 'system', '2024-01-23 12:00:02'),
(18, 'processing', 'success', 'approve', 'system', '2024-01-23 14:30:06'),
(19, 'processing', 'failed', 'reject', 'system', '2024-01-24 10:15:09'),
(19, 'failed', 'refunded', 'refund', 'system', '2024-01-24 10:20:00'),
(20, 'processing', 'success', 'approve', 'user', '2024-01-24 16:00:03'),
(20, 'success', 'completed', 'settle', 'system', '2024-01-24 16:00:10'),
(21, 'processing', 'success', 'approve', 'system', '2024-01-25 11:30:04'),
(22, 'processing', 'success', 'approve', 'system', '2024-01-25 13:45:02'),
(23, 'processing', 'success', 'approve', 'system', '2024-01-26 09:20:07'),
(24, 'processing', 'pending', 'initiate', 'user', '2024-01-26 15:10:03'),
(24, 'pending', 'processing', 'verify', 'system', '2024-01-26 15:15:00'),
(25, 'processing', 'success', 'approve', 'system', '2024-01-27 12:30:05'),
(26, 'processing', 'success', 'approve', 'user', '2024-01-27 14:50:02'),
(27, 'processing', 'success', 'approve', 'system', '2024-01-28 10:00:08'),
(28, 'processing', 'failed', 'reject', 'system', '2024-01-28 16:30:06'),
(29, 'processing', 'success', 'approve', 'system', '2024-01-29 11:45:03'),
(30, 'processing', 'success', 'approve', 'system', '2024-01-29 13:15:01'),
(31, 'processing', 'success', 'approve', 'user', '2024-01-30 09:30:04'),
(31, 'success', 'completed', 'settle', 'system', '2024-01-30 09:30:11'),
(32, 'processing', 'pending', 'initiate', 'user', '2024-01-30 15:40:07'),
(33, 'processing', 'success', 'approve', 'system', '2024-01-31 10:20:02'),
(34, 'processing', 'success', 'approve', 'system', '2024-01-31 14:00:05'),
(35, 'processing', 'success', 'approve', 'system', '2024-02-01 11:30:03'),
(36, 'processing', 'success', 'approve', 'user', '2024-02-01 16:45:06'),
(36, 'success', 'completed', 'settle', 'system', '2024-02-01 16:45:12'),
(37, 'processing', 'success', 'approve', 'system', '2024-02-02 09:15:04'),
(38, 'processing', 'failed', 'reject', 'system', '2024-02-02 13:50:08'),
(38, 'failed', 'refunded', 'refund', 'system', '2024-02-02 13:55:00'),
(39, 'processing', 'success', 'approve', 'system', '2024-02-03 10:30:02'),
(40, 'processing', 'success', 'approve', 'user', '2024-02-03 15:20:05'),
(41, 'processing', 'success', 'approve', 'system', '2024-02-04 12:00:07'),
(41, 'success', 'completed', 'settle', 'system', '2024-02-04 12:00:14'),
(42, 'processing', 'pending', 'initiate', 'user', '2024-02-04 14:30:03'),
(42, 'pending', 'processing', 'verify', 'system', '2024-02-04 14:35:00'),
(43, 'processing', 'success', 'approve', 'system', '2024-02-05 11:15:06'),
(44, 'processing', 'success', 'approve', 'system', '2024-02-05 16:00:02'),
(45, 'processing', 'success', 'approve', 'user', '2024-02-06 09:45:04'),
(46, 'processing', 'failed', 'reject', 'system', '2024-02-06 13:30:09'),
(47, 'processing', 'success', 'approve', 'system', '2024-02-07 10:00:03'),
(48, 'processing', 'success', 'approve', 'system', '2024-02-07 15:45:07'),
(49, 'processing', 'pending', 'initiate', 'user', '2024-02-08 12:30:02'),
(49, 'pending', 'processing', 'verify', 'system', '2024-02-08 12:35:00'),
(50, 'processing', 'success', 'approve', 'system', '2024-02-08 14:15:05'),
(51, 'processing', 'success', 'approve', 'user', '2024-02-09 09:30:08'),
(52, 'processing', 'success', 'approve', 'system', '2024-02-09 13:20:03'),
(53, 'processing', 'success', 'approve', 'system', '2024-02-10 11:45:01'),
(54, 'processing', 'success', 'approve', 'system', '2024-02-10 15:30:06'),
(55, 'processing', 'failed', 'reject', 'system', '2024-02-11 10:15:04'),
(56, 'processing', 'success', 'approve', 'user', '2024-02-11 14:40:02'),
(57, 'processing', 'success', 'approve', 'system', '2024-02-12 09:00:07'),
(58, 'processing', 'success', 'approve', 'system', '2024-02-12 16:20:03'),
(59, 'processing', 'pending', 'initiate', 'user', '2024-02-13 12:45:05'),
(60, 'processing', 'success', 'approve', 'system', '2024-02-13 14:30:01'),
(61, 'processing', 'success', 'approve', 'user', '2024-02-14 10:30:04'),
(61, 'success', 'completed', 'settle', 'system', '2024-02-14 10:30:11'),
(62, 'processing', 'failed', 'reject', 'system', '2024-02-14 15:15:08'),
(63, 'processing', 'success', 'approve', 'system', '2024-02-15 11:00:02'),
(64, 'processing', 'success', 'approve', 'system', '2024-02-15 13:45:06'),
(65, 'processing', 'success', 'approve', 'user', '2024-02-16 09:30:03'),
(66, 'processing', 'success', 'approve', 'system', '2024-02-16 16:00:07'),
(67, 'processing', 'pending', 'initiate', 'user', '2024-02-17 12:15:02'),
(68, 'processing', 'success', 'approve', 'system', '2024-02-17 14:30:05'),
(69, 'processing', 'success', 'approve', 'system', '2024-02-18 10:45:08'),
(70, 'processing', 'success', 'approve', 'user', '2024-02-18 15:20:03'),
(71, 'processing', 'failed', 'reject', 'system', '2024-02-19 11:30:06'),
(72, 'processing', 'success', 'approve', 'system', '2024-02-19 13:55:01'),
(73, 'processing', 'success', 'approve', 'system', '2024-02-20 09:15:04'),
(74, 'processing', 'success', 'approve', 'user', '2024-02-20 16:30:07'),
(74, 'success', 'completed', 'settle', 'system', '2024-02-20 16:30:14'),
(75, 'processing', 'pending', 'initiate', 'user', '2024-02-21 12:00:02'),
(75, 'pending', 'processing', 'verify', 'system', '2024-02-21 12:05:00'),
(76, 'processing', 'success', 'approve', 'system', '2024-02-21 14:45:05'),
(77, 'processing', 'success', 'approve', 'system', '2024-02-22 10:30:08'),
(78, 'processing', 'success', 'approve', 'user', '2024-02-22 13:15:03'),
(79, 'processing', 'failed', 'reject', 'system', '2024-02-23 11:45:06'),
(80, 'processing', 'success', 'approve', 'system', '2024-02-23 15:30:02'),
(81, 'processing', 'success', 'approve', 'system', '2024-02-24 09:30:04'),
(82, 'processing', 'success', 'approve', 'user', '2024-02-24 14:20:07'),
(83, 'processing', 'pending', 'initiate', 'user', '2024-02-25 12:15:03'),
(84, 'processing', 'success', 'approve', 'system', '2024-02-25 16:00:01'),
(85, 'processing', 'success', 'approve', 'system', '2024-02-26 10:00:06'),
(86, 'processing', 'failed', 'reject', 'system', '2024-02-26 13:45:09'),
(87, 'processing', 'success', 'approve', 'user', '2024-02-27 11:30:02'),
(88, 'processing', 'success', 'approve', 'system', '2024-02-27 15:15:05'),
(89, 'processing', 'success', 'approve', 'system', '2024-02-28 09:45:08'),
(90, 'processing', 'pending', 'initiate', 'user', '2024-02-28 14:30:03'),
(91, 'processing', 'success', 'approve', 'system', '2024-03-01 12:00:06'),
(92, 'processing', 'success', 'approve', 'user', '2024-03-01 16:45:02'),
(93, 'processing', 'failed', 'reject', 'system', '2024-03-02 10:30:07'),
(94, 'processing', 'success', 'approve', 'system', '2024-03-02 13:20:04'),
(95, 'processing', 'success', 'approve', 'system', '2024-03-03 11:15:01'),
(96, 'processing', 'success', 'approve', 'user', '2024-03-03 15:40:05'),
(96, 'success', 'completed', 'settle', 'system', '2024-03-03 15:40:12'),
(97, 'processing', 'pending', 'initiate', 'user', '2024-03-04 09:30:03'),
(98, 'processing', 'success', 'approve', 'system', '2024-03-04 14:15:06'),
(99, 'processing', 'success', 'approve', 'system', '2024-03-05 12:45:02'),
(100, 'processing', 'success', 'approve', 'user', '2024-03-05 16:30:08');


INSERT INTO FraudDetection (txn_id, user_id, rule_name, rule_type, risk_score, action_taken, fraud_status, created_at) VALUES
(1, 1, 'Unusual transaction amount', 'amount', 15, 'flag', 'cleared', '2024-01-15 10:30:15'),
(2, 3, 'Normal pattern - low risk', 'amount', 5, 'flag', 'cleared', '2024-01-15 14:20:10'),
(3, 5, 'Merchant payment - safe', 'velocity', 8, 'flag', 'cleared', '2024-01-16 09:15:20'),
(5, 9, 'Failed transaction - suspicious', 'amount', 65, 'block', 'confirmed', '2024-01-17 11:30:15'),
(6, 11, 'Bill payment - normal', 'device', 10, 'flag', 'cleared', '2024-01-17 13:50:08'),
(7, 13, 'High value request', 'amount', 75, 'verify', 'flagged', '2024-01-18 10:05:10'),
(8, 15, 'Regular P2P transfer', 'velocity', 12, 'flag', 'cleared', '2024-01-18 15:30:12'),
(10, 19, 'Multiple small transactions', 'velocity', 45, 'block', 'confirmed', '2024-01-19 14:20:15'),
(11, 21, 'New device detection', 'device', 60, 'verify', 'flagged', '2024-01-20 11:15:10'),
(12, 23, 'Unusual location access', 'location', 55, 'verify', 'confirmed', '2024-01-20 16:30:08'),
(13, 25, 'Large amount transfer', 'amount', 70, 'block', 'confirmed', '2024-01-21 10:45:12'),
(14, 27, 'Normal transaction', 'amount', 8, 'flag', 'cleared', '2024-01-21 13:20:06'),
(16, 31, 'Suspicious velocity pattern', 'velocity', 80, 'block', 'confirmed', '2024-01-22 15:50:10'),
(17, 33, 'Standard transfer', 'device', 6, 'flag', 'cleared', '2024-01-23 12:00:08'),
(19, 37, 'High risk amount', 'amount', 85, 'block', 'confirmed', '2024-01-24 10:20:12'),
(20, 39, 'Normal pattern', 'amount', 7, 'flag', 'cleared', '2024-01-24 16:00:08'),
(22, 43, 'Unusual time pattern', 'velocity', 50, 'verify', 'flagged', '2024-01-25 13:45:10'),
(24, 47, 'New device - high value', 'device', 72, 'verify', 'confirmed', '2024-01-26 15:15:08'),
(25, 49, 'Large transaction', 'amount', 68, 'block', 'flagged', '2024-01-27 12:30:12'),
(26, 51, 'Normal behavior', 'amount', 5, 'flag', 'cleared', '2024-01-27 14:50:06'),
(28, 55, 'Extreme amount anomaly', 'amount', 95, 'block', 'confirmed', '2024-01-28 16:35:10'),
(29, 57, 'Regular transaction', 'velocity', 9, 'flag', 'cleared', '2024-01-29 11:45:08'),
(30, 59, 'Bill payment - low risk', 'device', 11, 'flag', 'cleared', '2024-01-29 13:15:05'),
(31, 61, 'High frequency detected', 'velocity', 78, 'block', 'confirmed', '2024-01-30 09:30:15'),
(32, 63, 'Location mismatch', 'location', 62, 'verify', 'flagged', '2024-01-30 15:40:12'),
(33, 65, 'Cashback - safe', 'amount', 4, 'flag', 'cleared', '2024-01-31 10:20:08'),
(35, 69, 'Unusual pattern', 'velocity', 58, 'verify', 'confirmed', '2024-02-01 11:30:10'),
(36, 71, 'Normal bill payment', 'device', 7, 'flag', 'cleared', '2024-02-01 16:45:12'),
(38, 75, 'Failed - fraud pattern', 'amount', 82, 'block', 'confirmed', '2024-02-02 13:55:08'),
(39, 77, 'Low risk cashback', 'amount', 3, 'flag', 'cleared', '2024-02-03 10:30:06'),
(40, 79, 'Standard transfer', 'velocity', 10, 'flag', 'cleared', '2024-02-03 15:20:10'),
(41, 81, 'Suspicious location', 'location', 67, 'verify', 'flagged', '2024-02-04 12:00:15'),
(42, 83, 'New device detection', 'device', 73, 'verify', 'confirmed', '2024-02-04 14:35:08'),
(43, 85, 'Large amount transfer', 'amount', 71, 'block', 'flagged', '2024-02-05 11:15:12'),
(44, 87, 'Normal transaction', 'amount', 6, 'flag', 'cleared', '2024-02-05 16:00:08'),
(46, 91, 'Velocity anomaly', 'velocity', 77, 'block', 'confirmed', '2024-02-06 13:35:12'),
(47, 93, 'Regular payment', 'device', 8, 'flag', 'cleared', '2024-02-07 10:00:06'),
(48, 95, 'Bill payment - safe', 'amount', 9, 'flag', 'cleared', '2024-02-07 15:45:10'),
(49, 97, 'High risk transaction', 'amount', 88, 'block', 'confirmed', '2024-02-08 12:35:15'),
(50, 99, 'Normal transfer', 'velocity', 5, 'flag', 'cleared', '2024-02-08 14:15:08'),
(51, 2, 'Unusual amount pattern', 'amount', 42, 'verify', 'flagged', '2024-02-09 09:30:12'),
(52, 6, 'Standard transaction', 'device', 7, 'flag', 'cleared', '2024-02-09 13:20:06'),
(54, 14, 'High value bill pay', 'amount', 65, 'verify', 'confirmed', '2024-02-10 15:30:10'),
(55, 18, 'Failed - suspicious', 'velocity', 79, 'block', 'confirmed', '2024-02-11 10:20:12'),
(56, 22, 'Request money - safe', 'amount', 8, 'flag', 'cleared', '2024-02-11 14:40:08'),
(57, 26, 'Cashback transaction', 'device', 4, 'flag', 'cleared', '2024-02-12 09:00:10'),
(58, 30, 'Regular transfer', 'amount', 6, 'flag', 'cleared', '2024-02-12 16:20:06'),
(59, 34, 'Location anomaly', 'location', 64, 'verify', 'flagged', '2024-02-13 12:50:12'),
(60, 38, 'Normal bill payment', 'velocity', 9, 'flag', 'cleared', '2024-02-13 14:30:08'),
(61, 42, 'Large transaction', 'amount', 72, 'block', 'confirmed', '2024-02-14 10:30:15'),
(62, 46, 'Failed - high risk', 'amount', 90, 'block', 'confirmed', '2024-02-14 15:20:10'),
(63, 50, 'Cashback - low risk', 'amount', 5, 'flag', 'cleared', '2024-02-15 11:00:06'),
(64, 54, 'Standard transfer', 'device', 7, 'flag', 'cleared', '2024-02-15 13:45:08'),
(65, 58, 'Suspicious velocity', 'velocity', 76, 'block', 'confirmed', '2024-02-16 09:30:12'),
(66, 62, 'Bill payment - safe', 'location', 8, 'flag', 'cleared', '2024-02-16 16:00:10'),
(67, 66, 'New device pattern', 'device', 69, 'verify', 'flagged', '2024-02-17 12:20:08'),
(68, 70, 'Cashback transaction', 'amount', 4, 'flag', 'cleared', '2024-02-17 14:30:06'),
(69, 74, 'High value bill', 'amount', 66, 'verify', 'confirmed', '2024-02-18 10:45:12'),
(70, 78, 'Normal transfer', 'velocity', 6, 'flag', 'cleared', '2024-02-18 15:20:08'),
(71, 82, 'Failed - fraud', 'amount', 87, 'block', 'confirmed', '2024-02-19 11:35:10'),
(72, 86, 'Cashback - safe', 'device', 5, 'flag', 'cleared', '2024-02-19 13:55:06'),
(73, 90, 'Regular transaction', 'amount', 7, 'flag', 'cleared', '2024-02-20 09:15:08'),
(74, 94, 'Standard payment', 'velocity', 8, 'flag', 'cleared', '2024-02-20 16:30:15'),
(75, 96, 'Location mismatch', 'location', 63, 'verify', 'flagged', '2024-02-21 12:05:10'),
(76, 98, 'Normal transfer', 'device', 6, 'flag', 'cleared', '2024-02-21 14:45:08'),
(77, 1, 'Unusual pattern', 'velocity', 48, 'verify', 'flagged', '2024-02-22 10:30:12'),
(78, 5, 'Cashback - low risk', 'amount', 4, 'flag', 'cleared', '2024-02-22 13:15:06'),
(79, 9, 'Failed - high risk', 'amount', 84, 'block', 'confirmed', '2024-02-23 11:50:10'),
(80, 13, 'Request money', 'device', 9, 'flag', 'cleared', '2024-02-23 15:30:08'),
(81, 17, 'Bill payment safe', 'amount', 7, 'flag', 'cleared', '2024-02-24 09:30:06'),
(82, 21, 'Large transfer', 'amount', 70, 'verify', 'confirmed', '2024-02-24 14:20:12'),
(83, 25, 'Processing delay', 'velocity', 35, 'flag', 'cleared', '2024-02-25 12:20:08'),
(84, 29, 'High value bill', 'amount', 67, 'verify', 'flagged', '2024-02-25 16:00:10'),
(85, 33, 'Standard transaction', 'device', 6, 'flag', 'cleared', '2024-02-26 10:00:08'),
(86, 37, 'Failed - extreme', 'amount', 96, 'block', 'confirmed', '2024-02-26 13:50:12'),
(87, 41, 'Cashback safe', 'amount', 5, 'flag', 'cleared', '2024-02-27 11:30:06'),
(88, 45, 'Normal transfer', 'velocity', 7, 'flag', 'cleared', '2024-02-27 15:15:10'),
(89, 49, 'Request money', 'location', 8, 'flag', 'cleared', '2024-02-28 09:45:08'),
(90, 53, 'Pending verification', 'device', 44, 'verify', 'flagged', '2024-02-28 14:35:12'),
(91, 57, 'Regular transaction', 'amount', 6, 'flag', 'cleared', '2024-03-01 12:00:10'),
(92, 61, 'Cashback - safe', 'velocity', 5, 'flag', 'cleared', '2024-03-01 16:45:08'),
(93, 65, 'Failed - fraud pattern', 'amount', 89, 'block', 'confirmed', '2024-03-02 10:35:12'),
(94, 69, 'Normal transfer', 'device', 7, 'flag', 'cleared', '2024-03-02 13:20:06'),
(95, 73, 'Large amount', 'amount', 73, 'verify', 'confirmed', '2024-03-03 11:15:10'),
(96, 77, 'Cashback transaction', 'amount', 4, 'flag', 'cleared', '2024-03-03 15:40:15'),
(97, 81, 'Location anomaly', 'location', 59, 'verify', 'flagged', '2024-03-04 09:35:08'),
(98, 85, 'Request money safe', 'velocity', 8, 'flag', 'cleared', '2024-03-04 14:15:10'),
(99, 89, 'Bill payment', 'device', 6, 'flag', 'cleared', '2024-03-05 12:45:06'),
(100, 93, 'Standard transfer', 'amount', 7, 'flag', 'cleared', '2024-03-05 16:30:12');


INSERT INTO Services (user_id, merchant_id, bank_id, service_type, service_name, amount, interest_rate, frequency, next_due_date, service_status, created_at) VALUES
(1, 5, 1, 'coupon', 'Flipkart Shopping Coupon', 500.00, NULL, NULL, '2024-06-15', 'active', '2024-01-15 10:30:00'),
(2, 7, 2, 'discount', 'Swiggy Premium Discount', 200.00, NULL, 'monthly', '2024-06-20', 'active', '2024-01-16 14:45:00'),
(3, NULL, 4, 'loan', 'Personal Loan - Wedding', 50000.00, 12.50, 'monthly', '2024-06-25', 'active', '2024-01-17 09:15:00'),
(4, 12, 4, 'cashback', 'PVR Movie Cashback', 150.00, NULL, NULL, '2024-05-30', 'used', '2024-01-18 16:20:00'),
(5, NULL, 5, 'loan', 'Education Loan', 100000.00, 10.75, 'monthly', '2024-07-10', 'active', '2024-01-19 11:00:00'),
(6, 16, 6, 'autopay', 'Dominos Weekly Pizza', 899.00, NULL, 'weekly', '2024-06-05', 'active', '2024-01-20 13:30:00'),
(7, 18, 7, 'coupon', 'Starbucks Coffee Coupon', 250.00, NULL, NULL, '2024-05-25', 'expired', '2024-01-21 10:45:00'),
(8, NULL, 9, 'loan', 'Home Renovation Loan', 150000.00, 11.25, 'monthly', '2024-08-15', 'active', '2024-01-22 15:10:00'),
(9, 24, 9, 'discount', 'Nike Member Discount', 15.00, NULL, 'monthly', '2024-06-10', 'active', '2024-01-23 12:00:00'),
(10, 28, 10, 'cashback', 'Apple Store Cashback', 500.00, NULL, NULL, '2024-06-18', 'used', '2024-01-24 09:30:00'),
(11, NULL, 11, 'loan', 'Car Loan', 300000.00, 9.75, 'monthly', '2024-09-20', 'active', '2024-01-25 14:15:00'),
(12, 36, 12, 'autopay', 'DMart Monthly Grocery', 3500.00, NULL, 'monthly', '2024-06-01', 'active', '2024-01-26 11:45:00'),
(13, 40, 14, 'coupon', 'Nykaa Beauty Coupon', 300.00, NULL, NULL, '2024-05-20', 'expired', '2024-01-27 16:30:00'),
(14, NULL, 14, 'loan', 'Medical Emergency Loan', 75000.00, 13.00, 'monthly', '2024-07-05', 'active', '2024-01-28 10:00:00'),
(15, 48, 15, 'discount', 'Peter England Discount', 20.00, NULL, 'monthly', '2024-06-12', 'active', '2024-01-29 13:15:00'),
(16, 52, 16, 'cashback', 'Van Heusen Cashback', 250.00, NULL, NULL, '2024-06-22', 'used', '2024-01-30 15:45:00'),
(17, NULL, 17, 'loan', 'Business Loan', 500000.00, 11.50, 'monthly', '2024-10-15', 'paused', '2024-01-31 09:00:00'),
(18, 60, 18, 'autopay', 'Lakme Salon Membership', 1500.00, NULL, 'monthly', '2024-06-08', 'active', '2024-02-01 12:30:00'),
(19, 64, 20, 'coupon', 'MedPlus Health Coupon', 100.00, NULL, NULL, '2024-05-28', 'expired', '2024-02-02 14:00:00'),
(20, NULL, 20, 'loan', 'Travel Loan', 80000.00, 12.00, 'monthly', '2024-07-25', 'active', '2024-02-03 11:20:00'),
(21, 72, 21, 'discount', 'Google Pay Cashback', 50.00, NULL, 'monthly', '2024-06-15', 'active', '2024-02-04 10:10:00'),
(22, 76, 22, 'cashback', 'Meesho Shopping Cashback', 200.00, NULL, NULL, '2024-06-30', 'used', '2024-02-05 13:40:00'),
(23, NULL, 23, 'loan', 'Debt Consolidation Loan', 200000.00, 10.50, 'monthly', '2024-08-30', 'active', '2024-02-06 09:50:00'),
(24, 84, 25, 'autopay', 'Gold Gym Membership', 2500.00, NULL, 'monthly', '2024-06-05', 'active', '2024-02-07 15:30:00'),
(25, 88, 25, 'coupon', 'MakeMyTrip Travel Coupon', 1000.00, NULL, NULL, '2024-06-20', 'active', '2024-02-08 12:15:00'),
(26, 92, 26, 'discount', 'Uber Ride Discount', 100.00, NULL, 'weekly', '2024-06-10', 'active', '2024-02-09 14:45:00'),
(27, NULL, 27, 'loan', 'Wedding Loan', 250000.00, 11.75, 'monthly', '2024-09-10', 'active', '2024-02-10 11:00:00'),
(28, 96, 29, 'cashback', 'Delhivery Cashback', 150.00, NULL, NULL, '2024-06-18', 'used', '2024-02-11 16:20:00'),
(29, NULL, 29, 'loan', 'Emergency Loan', 25000.00, 14.00, 'monthly', '2024-06-28', 'active', '2024-02-12 10:30:00'),
(30, 100, 30, 'autopay', 'Xpressbees Weekly Delivery', 500.00, NULL, 'weekly', '2024-06-12', 'paused', '2024-02-13 13:00:00'),
(31, 3, 31, 'coupon', 'Big Bazaar Shopping Coupon', 400.00, NULL, NULL, '2024-06-25', 'active', '2024-02-14 09:15:00'),
(32, 8, 32, 'discount', 'Zomato Gold Discount', 300.00, NULL, 'monthly', '2024-06-15', 'active', '2024-02-15 15:45:00'),
(33, NULL, 33, 'loan', 'Laptop Loan', 60000.00, 12.25, 'monthly', '2024-07-20', 'active', '2024-02-16 12:30:00'),
(34, 15, 35, 'cashback', 'Pizza Hut Cashback', 180.00, NULL, NULL, '2024-05-25', 'expired', '2024-02-17 14:15:00'),
(35, 20, 35, 'autopay', 'Malabar Gold Savings', 5000.00, NULL, 'monthly', '2024-06-30', 'active', '2024-02-18 11:45:00'),
(36, 25, 36, 'coupon', 'Adidas Member Coupon', 250.00, NULL, NULL, '2024-06-10', 'used', '2024-02-19 10:00:00'),
(37, NULL, 37, 'loan', 'Motorcycle Loan', 120000.00, 10.25, 'monthly', '2024-08-05', 'active', '2024-02-20 13:30:00'),
(38, 32, 39, 'discount', 'Croma Electronics Discount', 10.00, NULL, 'monthly', '2024-06-18', 'active', '2024-02-21 09:45:00'),
(39, 35, 39, 'cashback', 'Star Bazaar Cashback', 200.00, NULL, NULL, '2024-06-22', 'used', '2024-02-22 16:10:00'),
(40, NULL, 40, 'loan', 'Vacation Loan', 90000.00, 11.25, 'monthly', '2024-07-15', 'active', '2024-02-23 12:00:00'),
(41, 44, 41, 'autopay', 'Shoppers Stop Membership', 1000.00, NULL, 'monthly', '2024-06-08', 'active', '2024-02-24 14:30:00'),
(42, 50, 42, 'coupon', 'Allen Solly Coupon', 350.00, NULL, NULL, '2024-06-28', 'active', '2024-02-25 11:15:00'),
(43, NULL, 43, 'loan', 'Furniture Loan', 75000.00, 12.75, 'monthly', '2024-07-30', 'paused', '2024-02-26 10:45:00'),
(44, 56, 45, 'discount', 'Liberty Shoes Discount', 15.00, NULL, 'monthly', '2024-06-12', 'active', '2024-02-27 15:20:00'),
(45, 59, 45, 'cashback', 'VLWC Wellness Cashback', 300.00, NULL, NULL, '2024-06-20', 'used', '2024-02-28 13:45:00'),
(46, NULL, 46, 'loan', 'Gadget Loan', 45000.00, 13.50, 'monthly', '2024-06-25', 'active', '2024-02-29 09:30:00'),
(47, 65, 47, 'autopay', 'Practo Health Plan', 999.00, NULL, 'monthly', '2024-06-05', 'active', '2024-03-01 12:15:00'),
(48, 68, 49, 'coupon', 'Paytm Mall Coupon', 200.00, NULL, NULL, '2024-06-15', 'expired', '2024-03-02 14:50:00'),
(49, 71, 49, 'discount', 'Amazon Pay Discount', 75.00, NULL, 'monthly', '2024-06-22', 'active', '2024-03-03 11:30:00'),
(50, NULL, 50, 'loan', 'Mobile Phone Loan', 30000.00, 14.50, 'monthly', '2024-06-30', 'active', '2024-03-04 10:20:00'),
(51, 78, 51, 'cashback', 'Snapdeal Cashback', 180.00, NULL, NULL, '2024-06-18', 'used', '2024-03-05 13:10:00'),
(52, 82, 52, 'autopay', 'Cult.fit Pro Membership', 1800.00, NULL, 'monthly', '2024-06-10', 'active', '2024-03-06 15:40:00'),
(53, NULL, 53, 'loan', 'Laptop Upgrade Loan', 55000.00, 12.00, 'monthly', '2024-07-10', 'active', '2024-03-07 12:25:00'),
(54, 86, 55, 'coupon', 'Urban Company Coupon', 250.00, NULL, NULL, '2024-06-25', 'active', '2024-03-08 14:15:00'),
(55, 89, 55, 'discount', 'Goibibo Travel Discount', 500.00, NULL, 'monthly', '2024-06-15', 'active', '2024-03-09 09:40:00'),
(56, NULL, 56, 'loan', 'Home Appliance Loan', 80000.00, 11.00, 'monthly', '2024-08-20', 'active', '2024-03-10 11:55:00'),
(57, 95, 57, 'cashback', 'Dunzo Delivery Cashback', 100.00, NULL, NULL, '2024-06-30', 'used', '2024-03-11 13:20:00'),
(58, 98, 59, 'autopay', 'DTDC Monthly Shipping', 1500.00, NULL, 'monthly', '2024-06-05', 'active', '2024-03-12 10:35:00'),
(59, NULL, 59, 'loan', 'Study Abroad Loan', 200000.00, 9.50, 'monthly', '2024-09-15', 'active', '2024-03-13 15:50:00'),
(60, 1, 60, 'coupon', 'Flipkart Plus Coupon', 750.00, NULL, NULL, '2024-06-20', 'active', '2024-03-14 12:45:00'),
(61, 6, 61, 'discount', 'Myntra Insider Discount', 25.00, NULL, 'monthly', '2024-06-12', 'active', '2024-03-15 14:00:00'),
(62, NULL, 62, 'loan', 'Two Wheeler Loan', 90000.00, 10.75, 'monthly', '2024-07-25', 'paused', '2024-03-16 11:30:00'),
(63, 11, 63, 'cashback', 'INOX Movie Cashback', 120.00, NULL, NULL, '2024-05-28', 'expired', '2024-03-17 09:15:00'),
(64, 14, 65, 'autopay', 'KFC Weekly Meal Plan', 650.00, NULL, 'weekly', '2024-06-10', 'active', '2024-03-18 13:45:00'),
(65, 19, 65, 'coupon', 'Tanishq Wedding Coupon', 2000.00, NULL, NULL, '2024-07-15', 'active', '2024-03-19 10:00:00'),
(66, NULL, 66, 'loan', 'Solar Panel Loan', 150000.00, 8.50, 'monthly', '2024-10-01', 'active', '2024-03-20 15:30:00'),
(67, 23, 67, 'discount', 'Decathlon Sports Discount', 12.00, NULL, 'monthly', '2024-06-18', 'active', '2024-03-21 12:15:00'),
(68, 27, 69, 'cashback', 'Samsung Cashback', 300.00, NULL, NULL, '2024-06-25', 'used', '2024-03-22 14:45:00'),
(69, 31, 69, 'autopay', 'Vijay Sales EMI Plan', 3000.00, NULL, 'monthly', '2024-06-08', 'active', '2024-03-23 11:20:00'),
(70, NULL, 70, 'loan', 'Medical Insurance Loan', 50000.00, 12.00, 'monthly', '2024-07-20', 'active', '2024-03-24 09:55:00'),
(71, 37, 71, 'coupon', 'Nature Basket Organic Coupon', 150.00, NULL, NULL, '2024-06-30', 'active', '2024-03-25 13:10:00'),
(72, 41, 72, 'discount', 'Lifestyle Store Discount', 20.00, NULL, 'monthly', '2024-06-15', 'active', '2024-03-26 10:40:00'),
(73, NULL, 73, 'loan', 'Petty Cash Loan', 15000.00, 15.00, 'monthly', '2024-06-28', 'active', '2024-03-27 15:05:00'),
(74, 47, 75, 'cashback', 'Arrow Apparel Cashback', 280.00, NULL, NULL, '2024-06-22', 'used', '2024-03-28 12:30:00'),
(75, 51, 75, 'autopay', 'Raymond Fabric Subscription', 2000.00, NULL, 'monthly', '2024-06-05', 'active', '2024-03-29 14:20:00'),
(76, NULL, 76, 'loan', 'Rental Deposit Loan', 60000.00, 11.25, 'monthly', '2024-07-10', 'active', '2024-03-30 11:45:00'),
(77, 58, 77, 'coupon', 'Wildcraft Adventure Coupon', 350.00, NULL, NULL, '2024-06-25', 'active', '2024-03-31 09:30:00'),
(78, 62, 79, 'discount', 'Apollo Pharmacy Discount', 10.00, NULL, 'monthly', '2024-06-12', 'active', '2024-04-01 13:55:00'),
(79, 66, 79, 'cashback', 'Netmeds Health Cashback', 200.00, NULL, NULL, '2024-06-20', 'used', '2024-04-02 10:15:00'),
(80, NULL, 80, 'loan', 'Festival Loan', 40000.00, 13.00, 'monthly', '2024-07-05', 'active', '2024-04-03 15:40:00'),
(81, 70, 81, 'autopay', 'PhonePe BillPay Auto', 500.00, NULL, 'monthly', '2024-06-01', 'active', '2024-04-04 12:25:00'),
(82, 74, 82, 'coupon', 'BharatPe Merchant Coupon', 100.00, NULL, NULL, '2024-06-28', 'active', '2024-04-05 14:50:00'),
(83, NULL, 83, 'loan', 'Credit Card Bill Loan', 35000.00, 14.50, 'monthly', '2024-06-30', 'active', '2024-04-06 11:10:00'),
(84, 80, 85, 'discount', 'Limero Fashion Discount', 18.00, NULL, 'monthly', '2024-06-15', 'paused', '2024-04-07 09:45:00'),
(85, 83, 85, 'cashback', 'Anytime Fitness Cashback', 400.00, NULL, NULL, '2024-06-25', 'active', '2024-04-08 13:20:00'),
(86, NULL, 86, 'loan', 'Smartwatch Loan', 15000.00, 12.00, 'monthly', '2024-06-20', 'active', '2024-04-09 10:55:00'),
(87, 87, 87, 'autopay', 'UrbanClap Home Service', 1200.00, NULL, 'monthly', '2024-06-10', 'active', '2024-04-10 15:15:00'),
(88, 90, 89, 'coupon', 'Yatra Flight Coupon', 800.00, NULL, NULL, '2024-07-01', 'active', '2024-04-11 12:40:00'),
(89, 93, 89, 'discount', 'Swiggy Genie Discount', 50.00, NULL, 'weekly', '2024-06-18', 'active', '2024-04-12 14:05:00'),
(90, NULL, 90, 'loan', 'Gym Equipment Loan', 25000.00, 11.00, 'monthly', '2024-07-15', 'active', '2024-04-13 11:35:00'),
(91, 97, 91, 'cashback', 'Blue Dart Cashback', 180.00, NULL, NULL, '2024-06-30', 'used', '2024-04-14 09:20:00'),
(92, 99, 92, 'autopay', 'Ecom Express Subscription', 800.00, NULL, 'monthly', '2024-06-08', 'active', '2024-04-15 13:50:00'),
(93, 2, 93, 'coupon', 'Amazon Fresh Coupon', 300.00, NULL, NULL, '2024-06-22', 'active', '2024-04-16 10:25:00'),
(94, NULL, 94, 'loan', 'Dental Treatment Loan', 45000.00, 12.50, 'monthly', '2024-07-25', 'active', '2024-04-17 15:55:00'),
(95, 4, 95, 'discount', 'Reliance Digital Discount', 8.00, NULL, 'monthly', '2024-06-12', 'active', '2024-04-18 12:45:00'),
(96, 10, 96, 'cashback', 'Ola Money Cashback', 150.00, NULL, NULL, '2024-06-28', 'used', '2024-04-19 14:30:00'),
(97, NULL, 97, 'loan', 'Winter Vacation Loan', 70000.00, 10.75, 'monthly', '2024-08-10', 'active', '2024-04-20 11:00:00'),
(98, 17, 99, 'autopay', 'Cafe Coffee Day Card', 500.00, NULL, 'monthly', '2024-06-05', 'active', '2024-04-21 09:35:00'),
(99, 22, 99, 'coupon', 'Lenskart Eyewear Coupon', 1000.00, NULL, NULL, '2024-07-15', 'active', '2024-04-22 13:15:00'),
(100, 30, 100, 'discount', 'OnePlus Store Discount', 5.00, NULL, 'monthly', '2024-06-20', 'active', '2024-04-23 10:50:00');


INSERT INTO Revenue (txn_id, user_id, merchant_id, service_id, revenue_type, amount, created_at) VALUES
(1, 1, NULL, NULL, 'transaction_fee', 5.00, '2024-01-15 10:30:10'),
(2, 3, NULL, NULL, 'transaction_fee', 2.50, '2024-01-15 14:20:08'),
(3, 5, 5, NULL, 'merchant_commission', 15.00, '2024-01-16 09:15:18'),
(4, 7, NULL, NULL, 'transaction_fee', 7.00, '2024-01-16 16:45:05'),
(5, 9, NULL, NULL, 'transaction_fee', 3.60, '2024-01-17 11:30:12'),
(6, 11, 12, NULL, 'merchant_commission', 11.25, '2024-01-17 13:50:06'),
(7, 13, NULL, 3, 'loan_interest', 520.83, '2024-01-18 10:05:15'),
(8, 15, NULL, NULL, 'transaction_fee', 6.40, '2024-01-18 15:30:10'),
(9, 17, 18, NULL, 'merchant_commission', 7.50, '2024-01-19 09:45:05'),
(10, 19, NULL, NULL, 'transaction_fee', 4.45, '2024-01-19 14:20:10'),
(11, 21, NULL, NULL, 'transaction_fee', 9.00, '2024-01-20 11:15:08'),
(12, 23, 24, NULL, 'merchant_commission', 23.00, '2024-01-20 16:30:06'),
(13, 25, NULL, 5, 'loan_interest', 895.83, '2024-01-21 10:45:15'),
(14, 27, NULL, NULL, 'transaction_fee', 3.35, '2024-01-21 13:20:05'),
(15, 29, 30, NULL, 'merchant_commission', 10.00, '2024-01-22 09:30:03'),
(16, 31, NULL, NULL, 'transaction_fee', 17.80, '2024-01-22 15:45:12'),
(17, 33, NULL, NULL, 'transaction_fee', 6.80, '2024-01-23 12:00:08'),
(18, 35, 36, NULL, 'merchant_commission', 14.00, '2024-01-23 14:30:05'),
(19, 37, NULL, 8, 'loan_interest', 1406.25, '2024-01-24 10:20:18'),
(20, 39, NULL, NULL, 'transaction_fee', 8.60, '2024-01-24 16:00:10'),
(21, 41, 42, NULL, 'merchant_commission', 15.00, '2024-01-25 11:30:06'),
(22, 43, NULL, NULL, 'transaction_fee', 0.00, '2024-01-25 13:45:08'),
(23, 45, NULL, NULL, 'transaction_fee', 5.60, '2024-01-26 09:20:12'),
(24, 47, 48, NULL, 'merchant_commission', 18.90, '2024-01-26 15:10:08'),
(25, 49, NULL, 11, 'loan_interest', 2437.50, '2024-01-27 12:30:20'),
(26, 51, NULL, NULL, 'transaction_fee', 4.45, '2024-01-27 14:50:06'),
(27, 53, 54, NULL, 'merchant_commission', 3.75, '2024-01-28 10:00:05'),
(28, 55, NULL, NULL, 'transaction_fee', 0.00, '2024-01-28 16:30:15'),
(29, 57, NULL, NULL, 'transaction_fee', 7.25, '2024-01-29 11:45:08'),
(30, 59, 60, NULL, 'merchant_commission', 32.00, '2024-01-29 13:15:05'),
(31, 61, NULL, 14, 'loan_interest', 812.50, '2024-01-30 09:30:18'),
(32, 63, NULL, NULL, 'transaction_fee', 11.70, '2024-01-30 15:40:12'),
(33, 65, 66, NULL, 'merchant_commission', 25.00, '2024-01-31 10:20:08'),
(34, 67, NULL, NULL, 'transaction_fee', 8.60, '2024-01-31 14:00:06'),
(35, 69, NULL, NULL, 'transaction_fee', 15.60, '2024-02-01 11:30:10'),
(36, 71, 72, NULL, 'merchant_commission', 9.50, '2024-02-01 16:45:15'),
(37, 73, NULL, 17, 'loan_interest', 4791.67, '2024-02-02 09:15:20'),
(38, 75, NULL, NULL, 'transaction_fee', 11.20, '2024-02-02 13:50:08'),
(39, 77, 78, NULL, 'merchant_commission', 12.50, '2024-02-03 10:30:05'),
(40, 79, NULL, NULL, 'transaction_fee', 6.40, '2024-02-03 15:20:10'),
(41, 81, NULL, NULL, 'transaction_fee', 37.40, '2024-02-04 12:00:12'),
(42, 83, 84, NULL, 'merchant_commission', 8.60, '2024-02-04 14:30:08'),
(43, 85, NULL, 20, 'loan_interest', 800.00, '2024-02-05 11:15:15'),
(44, 87, NULL, NULL, 'transaction_fee', 12.25, '2024-02-05 16:00:06'),
(45, 89, 90, NULL, 'merchant_commission', 9.00, '2024-02-06 09:45:10'),
(46, 91, NULL, NULL, 'transaction_fee', 0.00, '2024-02-06 13:30:12'),
(47, 93, NULL, NULL, 'transaction_fee', 11.20, '2024-02-07 10:00:08'),
(48, 95, 96, NULL, 'merchant_commission', 12.80, '2024-02-07 15:45:05'),
(49, 97, NULL, 23, 'loan_interest', 1750.00, '2024-02-08 12:35:18'),
(50, 99, NULL, NULL, 'transaction_fee', 11.70, '2024-02-08 14:15:10'),
(51, 2, 4, NULL, 'merchant_commission', 17.50, '2024-02-09 09:30:08'),
(52, 6, NULL, NULL, 'transaction_fee', 4.45, '2024-02-09 13:20:06'),
(53, 10, NULL, 1, 'autopay_fee', 25.00, '2024-02-10 11:45:12'),
(54, 14, 16, NULL, 'merchant_commission', 45.00, '2024-02-10 15:30:10'),
(55, 18, NULL, NULL, 'transaction_fee', 11.50, '2024-02-11 10:15:08'),
(56, 22, NULL, 2, 'autopay_fee', 10.00, '2024-02-11 14:40:15'),
(57, 26, 28, NULL, 'merchant_commission', 6.25, '2024-02-12 09:00:05'),
(58, 30, NULL, NULL, 'transaction_fee', 11.20, '2024-02-12 16:20:10'),
(59, 34, NULL, 6, 'autopay_fee', 44.95, '2024-02-13 12:50:12'),
(60, 38, 40, NULL, 'merchant_commission', 23.40, '2024-02-13 14:30:08'),
(61, 42, NULL, NULL, 'transaction_fee', 24.60, '2024-02-14 10:30:18'),
(62, 46, NULL, 9, 'autopay_fee', 75.00, '2024-02-14 15:20:10'),
(63, 50, 52, NULL, 'merchant_commission', 14.00, '2024-02-15 11:00:06'),
(64, 54, NULL, NULL, 'transaction_fee', 3.90, '2024-02-15 13:45:08'),
(65, 58, NULL, 12, 'autopay_fee', 175.00, '2024-02-16 09:30:15'),
(66, 62, 64, NULL, 'merchant_commission', 8.90, '2024-02-16 16:00:10'),
(67, 66, NULL, NULL, 'transaction_fee', 11.70, '2024-02-17 12:20:12'),
(68, 70, NULL, 15, 'autopay_fee', 75.00, '2024-02-17 14:30:08'),
(69, 74, 76, NULL, 'merchant_commission', 67.00, '2024-02-18 10:45:15'),
(70, 78, NULL, NULL, 'transaction_fee', 9.45, '2024-02-18 15:20:10'),
(71, 82, NULL, 18, 'autopay_fee', 125.00, '2024-02-19 11:35:12'),
(72, 86, 88, NULL, 'merchant_commission', 16.00, '2024-02-19 13:55:08'),
(73, 90, NULL, NULL, 'transaction_fee', 11.20, '2024-02-20 09:15:06'),
(74, 94, NULL, 21, 'autopay_fee', 50.00, '2024-02-20 16:30:18'),
(75, 96, 98, NULL, 'merchant_commission', 34.50, '2024-02-21 12:05:10'),
(76, 98, NULL, NULL, 'transaction_fee', 11.70, '2024-02-21 14:45:08'),
(77, 1, 3, NULL, 'merchant_commission', 20.00, '2024-02-22 10:30:15'),
(78, 5, NULL, 24, 'autopay_fee', 125.00, '2024-02-22 13:15:10'),
(79, 9, NULL, NULL, 'transaction_fee', 4.45, '2024-02-23 11:50:12'),
(80, 13, NULL, 27, 'loan_interest', 2406.25, '2024-02-23 15:30:18'),
(81, 17, 19, NULL, 'merchant_commission', 23.40, '2024-02-24 09:30:08'),
(82, 21, NULL, NULL, 'transaction_fee', 15.60, '2024-02-24 14:20:15'),
(83, 25, NULL, 29, 'autopay_fee', 25.00, '2024-02-25 12:20:10'),
(84, 29, 31, NULL, 'merchant_commission', 56.00, '2024-02-25 16:00:12'),
(85, 33, NULL, NULL, 'transaction_fee', 9.45, '2024-02-26 10:00:08'),
(86, 37, NULL, 33, 'loan_interest', 643.75, '2024-02-26 13:50:18'),
(87, 41, 43, NULL, 'merchant_commission', 10.00, '2024-02-27 11:30:06'),
(88, 45, NULL, NULL, 'transaction_fee', 17.25, '2024-02-27 15:15:10'),
(89, 49, NULL, 37, 'autopay_fee', 50.00, '2024-02-28 09:45:12'),
(90, 53, 55, NULL, 'merchant_commission', 12.80, '2024-02-28 14:35:08'),
(91, 57, NULL, NULL, 'transaction_fee', 11.20, '2024-03-01 12:00:15'),
(92, 61, NULL, 40, 'loan_interest', 843.75, '2024-03-01 16:45:18'),
(93, 65, 67, NULL, 'merchant_commission', 234.00, '2024-03-02 10:35:12'),
(94, 69, NULL, NULL, 'transaction_fee', 4.45, '2024-03-02 13:20:08'),
(95, 73, NULL, 43, 'autopay_fee', 75.00, '2024-03-03 11:15:15'),
(96, 77, 79, NULL, 'merchant_commission', 22.50, '2024-03-03 15:40:20'),
(97, 81, NULL, NULL, 'transaction_fee', 13.40, '2024-03-04 09:35:10'),
(98, 85, NULL, 46, 'loan_interest', 506.25, '2024-03-04 14:15:18'),
(99, 89, 91, NULL, 'merchant_commission', 23.40, '2024-03-05 12:45:12'),
(100, 93, NULL, NULL, 'transaction_fee', 17.80, '2024-03-05 16:30:15');


INSERT INTO SupportTickets (user_id, txn_id, issue_type, description, status, created_at, resolved_at) VALUES
(1, 1, 'Transaction failed', 'Money deducted but not credited to receiver', 'resolved', '2024-01-15 11:00:00', '2024-01-15 15:30:00'),
(2, NULL, 'Account access', 'Unable to login to mobile app', 'resolved', '2024-01-16 10:30:00', '2024-01-16 14:20:00'),
(3, 3, 'Wrong amount deducted', 'Charged extra amount for bill payment', 'resolved', '2024-01-16 14:00:00', '2024-01-17 11:45:00'),
(4, NULL, 'KYC verification', 'KYC status showing pending for 5 days', 'resolved', '2024-01-17 09:15:00', '2024-01-18 16:30:00'),
(5, 5, 'Transaction failed', 'Payment failed but amount debited', 'in_progress', '2024-01-17 12:00:00', NULL),
(6, NULL, 'Wallet balance', 'Wallet balance showing incorrect', 'resolved', '2024-01-18 11:30:00', '2024-01-19 10:15:00'),
(7, 7, 'Refund request', 'Requested refund for failed transaction', 'resolved', '2024-01-18 16:00:00', '2024-01-20 09:30:00'),
(8, NULL, 'UPI handle', 'Want to change UPI handle', 'resolved', '2024-01-19 10:00:00', '2024-01-19 16:45:00'),
(9, 9, 'Cashback not credited', 'Promised cashback not received', 'open', '2024-01-19 15:30:00', NULL),
(10, NULL, 'Bank account linking', 'Unable to link bank account', 'resolved', '2024-01-20 09:45:00', '2024-01-21 14:20:00'),
(11, 11, 'Transaction delayed', 'Money transfer taking too long', 'resolved', '2024-01-20 14:00:00', '2024-01-21 11:00:00'),
(12, NULL, 'PIN reset', 'Forgot transaction PIN', 'resolved', '2024-01-21 10:15:00', '2024-01-22 09:30:00'),
(13, 13, 'Fraud alert', 'Suspicious transaction detected', 'in_progress', '2024-01-21 16:30:00', NULL),
(14, NULL, 'Account blocked', 'Account showing suspended status', 'resolved', '2024-01-22 11:00:00', '2024-01-23 15:45:00'),
(15, 15, 'Merchant dispute', 'Product not received but payment done', 'open', '2024-01-22 15:00:00', NULL),
(16, NULL, 'Statement request', 'Need transaction statement for tax', 'resolved', '2024-01-23 09:30:00', '2024-01-24 10:00:00'),
(17, 17, 'Double deduction', 'Amount deducted twice for same transaction', 'resolved', '2024-01-23 13:00:00', '2024-01-24 16:20:00'),
(18, NULL, 'App crash', 'App crashing on payment page', 'resolved', '2024-01-24 10:45:00', '2024-01-25 14:30:00'),
(19, 19, 'Refund pending', 'Refund not processed even after 7 days', 'in_progress', '2024-01-24 16:15:00', NULL),
(20, NULL, 'UPI payment failed', 'UPI payment showing failed but bank debited', 'resolved', '2024-01-25 11:30:00', '2024-01-26 13:45:00'),
(21, 21, 'Cashback query', 'Cashback amount less than promised', 'resolved', '2024-01-25 15:00:00', '2024-01-27 10:15:00'),
(22, NULL, 'Phone number change', 'Want to update registered mobile number', 'resolved', '2024-01-26 09:00:00', '2024-01-26 17:30:00'),
(23, 23, 'Transaction mismatch', 'Amount mismatch in transaction history', 'open', '2024-01-26 14:30:00', NULL),
(24, NULL, 'Card linking', 'Unable to link credit card', 'resolved', '2024-01-27 10:00:00', '2024-01-28 12:15:00'),
(25, 25, 'High amount block', 'Large transaction blocked by system', 'in_progress', '2024-01-27 15:45:00', NULL),
(26, NULL, 'Email update', 'Need to change email address', 'resolved', '2024-01-28 11:30:00', '2024-01-29 09:45:00'),
(27, 27, 'Cashback issue', 'Cashback not reflecting in wallet', 'resolved', '2024-01-28 16:00:00', '2024-01-30 14:20:00'),
(28, NULL, 'Merchant complaint', 'Merchant charged extra amount', 'open', '2024-01-29 09:15:00', NULL),
(29, 29, 'Transaction reversal', 'Need reversal of wrong transaction', 'resolved', '2024-01-29 14:00:00', '2024-01-31 11:30:00'),
(30, NULL, 'QR code issue', 'QR code not scanning properly', 'resolved', '2024-01-30 10:30:00', '2024-01-31 15:45:00'),
(31, 31, 'Loan repayment', 'Issue with EMI auto-debit', 'in_progress', '2024-01-30 15:00:00', NULL),
(32, NULL, 'Address update', 'Need to update residential address', 'resolved', '2024-01-31 09:45:00', '2024-02-01 16:30:00'),
(33, 33, 'Cashback delay', 'Cashback delayed for weeks', 'resolved', '2024-01-31 14:30:00', '2024-02-02 10:15:00'),
(34, NULL, 'Notification issue', 'Not getting transaction notifications', 'resolved', '2024-02-01 11:00:00', '2024-02-02 14:45:00'),
(35, 35, 'Auto-pay failed', 'Autopay setup not working', 'open', '2024-02-01 16:15:00', NULL),
(36, NULL, 'Password reset', 'Unable to reset password', 'resolved', '2024-02-02 10:00:00', '2024-02-03 13:20:00'),
(37, 37, 'Money request', 'Money request not received by payee', 'resolved', '2024-02-02 15:30:00', '2024-02-04 11:45:00'),
(38, NULL, 'OTP issue', 'Not receiving OTP for transactions', 'in_progress', '2024-02-03 09:00:00', NULL),
(39, 39, 'Cashback complaint', 'Cashback terms not clear', 'resolved', '2024-02-03 14:00:00', '2024-02-05 16:30:00'),
(40, NULL, 'Document upload', 'Unable to upload KYC documents', 'resolved', '2024-02-04 11:30:00', '2024-02-06 10:00:00'),
(41, 41, 'Large transaction', 'Need approval for large transaction', 'resolved', '2024-02-04 16:00:00', '2024-02-05 09:45:00'),
(42, NULL, 'Referral bonus', 'Referral bonus not credited', 'open', '2024-02-05 10:15:00', NULL),
(43, 43, 'Transaction dispute', 'Dispute regarding merchant payment', 'in_progress', '2024-02-05 15:30:00', NULL),
(44, NULL, 'Bank account removal', 'Want to remove old bank account', 'resolved', '2024-02-06 09:00:00', '2024-02-07 14:15:00'),
(45, 45, 'Cashback query', 'Cashback calculation query', 'resolved', '2024-02-06 13:45:00', '2024-02-08 11:30:00'),
(46, NULL, 'UPI ID change', 'Request to change UPI ID', 'resolved', '2024-02-07 10:30:00', '2024-02-08 16:45:00'),
(47, 47, 'Transaction failed', 'Bill payment failed but amount deducted', 'resolved', '2024-02-07 15:00:00', '2024-02-09 13:20:00'),
(48, NULL, 'Security concern', 'Suspicious activity on account', 'in_progress', '2024-02-08 11:15:00', NULL),
(49, 49, 'Loan interest', 'Query about loan interest calculation', 'resolved', '2024-02-08 16:30:00', '2024-02-10 10:45:00'),
(50, NULL, 'Wallet freeze', 'Wallet unexpectedly frozen', 'resolved', '2024-02-09 09:30:00', '2024-02-11 15:30:00'),
(51, 51, 'Merchant refund', 'Merchant not processing refund', 'open', '2024-02-09 14:15:00', NULL),
(52, NULL, 'Limit increase', 'Request to increase transaction limit', 'resolved', '2024-02-10 10:00:00', '2024-02-12 12:15:00'),
(53, 53, 'Cashback issue', 'Cashback not applicable for transaction', 'resolved', '2024-02-10 15:30:00', '2024-02-13 14:45:00'),
(54, NULL, 'Account recovery', 'Need to recover old account', 'in_progress', '2024-02-11 11:45:00', NULL),
(55, 55, 'Failed transaction', 'Transaction failed multiple times', 'resolved', '2024-02-11 16:00:00', '2024-02-13 09:30:00'),
(56, NULL, 'Auto-pay setup', 'Issue setting up auto-pay for bills', 'resolved', '2024-02-12 09:15:00', '2024-02-14 16:20:00'),
(57, 57, 'Cashback delay', 'Cashback pending for long time', 'open', '2024-02-12 14:30:00', NULL),
(58, NULL, 'App performance', 'App very slow since last update', 'resolved', '2024-02-13 10:45:00', '2024-02-15 11:00:00'),
(59, 59, 'Payment stuck', 'Payment stuck in processing', 'resolved', '2024-02-13 15:15:00', '2024-02-14 10:30:00'),
(60, NULL, 'KYC rejection', 'KYC rejected without reason', 'in_progress', '2024-02-14 09:00:00', NULL),
(61, 61, 'Loan disbursal', 'Loan amount not credited', 'resolved', '2024-02-14 13:30:00', '2024-02-16 15:45:00'),
(62, NULL, 'Reward points', 'Reward points not added', 'resolved', '2024-02-15 10:00:00', '2024-02-17 09:30:00'),
(63, 63, 'Cashback complaint', 'Cashback amount wrong', 'open', '2024-02-15 14:45:00', NULL),
(64, NULL, 'Fingerprint issue', 'Fingerprint login not working', 'resolved', '2024-02-16 11:30:00', '2024-02-18 14:15:00'),
(65, 65, 'Transaction history', 'Missing transactions in history', 'resolved', '2024-02-16 16:15:00', '2024-02-19 10:45:00'),
(66, NULL, 'Bill payment', 'Bill payment showing paid but biller not updated', 'in_progress', '2024-02-17 09:45:00', NULL),
(67, 67, 'Auto-pay failed', 'Auto-pay failed for subscription', 'resolved', '2024-02-17 14:00:00', '2024-02-19 16:30:00'),
(68, NULL, 'Email notification', 'Not receiving email alerts', 'resolved', '2024-02-18 10:30:00', '2024-02-20 11:45:00'),
(69, 69, 'Merchant charge', 'Merchant charged more than shown', 'open', '2024-02-18 15:45:00', NULL),
(70, NULL, 'UPI payment', 'UPI payment showing pending', 'resolved', '2024-02-19 09:15:00', '2024-02-21 13:30:00'),
(71, 71, 'Refund request', 'Need refund for cancelled order', 'in_progress', '2024-02-19 13:00:00', NULL),
(72, NULL, 'Account verification', 'Account verification taking too long', 'resolved', '2024-02-20 10:00:00', '2024-02-22 09:45:00'),
(73, 73, 'Transaction error', 'Error code while transacting', 'resolved', '2024-02-20 15:30:00', '2024-02-22 14:20:00'),
(74, NULL, 'VPA creation', 'Unable to create VPA', 'open', '2024-02-21 11:15:00', NULL),
(75, 75, 'Bill payment', 'Duplicate bill payment', 'resolved', '2024-02-21 16:00:00', '2024-02-23 10:30:00'),
(76, NULL, 'Contact support', 'Unable to contact customer support', 'resolved', '2024-02-22 09:30:00', '2024-02-24 15:45:00'),
(77, 77, 'Cashback missing', 'Promotional cashback missing', 'in_progress', '2024-02-22 14:15:00', NULL),
(78, NULL, 'Debit card link', 'Debit card linking failed', 'resolved', '2024-02-23 10:45:00', '2024-02-25 11:30:00'),
(79, 79, 'Failed transaction', 'Transaction failed with server error', 'resolved', '2024-02-23 15:00:00', '2024-02-25 16:15:00'),
(80, NULL, 'Statement download', 'Unable to download statement', 'resolved', '2024-02-24 09:00:00', '2024-02-26 10:00:00'),
(81, 81, 'Merchant dispute', 'Wrong item delivered', 'open', '2024-02-24 13:45:00', NULL),
(82, NULL, 'Rate limit', 'Transaction rate limit reached', 'resolved', '2024-02-25 11:30:00', '2024-02-27 14:30:00'),
(83, 83, 'Processing stuck', 'Transaction in processing for hours', 'resolved', '2024-02-25 16:15:00', '2024-02-26 09:45:00'),
(84, NULL, 'KYC update', 'Need to update KYC documents', 'in_progress', '2024-02-26 09:45:00', NULL),
(85, 85, 'Cashback issue', 'Cashback terms changed', 'resolved', '2024-02-26 14:30:00', '2024-02-28 11:15:00'),
(86, NULL, 'Two-factor auth', '2FA not working properly', 'resolved', '2024-02-27 10:00:00', '2024-02-29 15:30:00'),
(87, 87, 'Cashback credited', 'Cashback credited but not usable', 'open', '2024-02-27 15:45:00', NULL),
(88, NULL, 'Address proof', 'Address proof rejected', 'resolved', '2024-02-28 09:30:00', '2024-03-01 10:45:00'),
(89, 89, 'Payment request', 'Payment request expired', 'resolved', '2024-02-28 14:00:00', '2024-03-02 13:20:00'),
(90, NULL, 'Auto-pay cancellation', 'Want to cancel auto-pay', 'in_progress', '2024-02-29 11:45:00', NULL),
(91, 91, 'Transaction limit', 'Transaction limit too low', 'resolved', '2024-03-01 10:30:00', '2024-03-03 14:15:00'),
(92, NULL, 'Mobile number', 'Old mobile number still linked', 'resolved', '2024-03-01 15:00:00', '2024-03-04 11:30:00'),
(93, 93, 'Bill payment failed', 'Bill payment failed for electricity bill', 'open', '2024-03-02 09:15:00', NULL),
(94, NULL, 'UPI mandate', 'UPI mandate creation failed', 'resolved', '2024-03-02 13:30:00', '2024-03-05 16:45:00'),
(95, 95, 'Loan repayment', 'Prepayment of loan query', 'resolved', '2024-03-03 10:45:00', '2024-03-06 09:30:00'),
(96, NULL, 'Chat support', 'Chat support not responding', 'in_progress', '2024-03-03 15:15:00', NULL),
(97, 97, 'Transaction pending', 'Money deducted but transaction pending', 'resolved', '2024-03-04 11:00:00', '2024-03-07 14:20:00'),
(98, NULL, 'Reward redemption', 'Unable to redeem reward points', 'resolved', '2024-03-04 16:30:00', '2024-03-08 10:15:00'),
(99, 99, 'Merchant payment', 'Merchant claiming non-receipt of payment', 'open', '2024-03-05 09:45:00', NULL),
(100, NULL, 'Account closure', 'Request for account closure', 'resolved', '2024-03-05 14:15:00', '2024-03-09 16:30:00');



INSERT INTO Reviews (user_id, txn_id, rating, feedback, review_type, created_at) VALUES
(1, 1, 5, 'Excellent app! Very fast and secure transactions.', 'transaction', '2024-01-15 11:30:00'),
(2, NULL, 4, 'Good experience overall. Customer support is helpful.', 'app', '2024-01-16 10:45:00'),
(3, 3, 3, 'Bill payment works fine but charges are high.', 'transaction', '2024-01-16 15:20:00'),
(4, NULL, 5, 'Love the UPI integration! Very convenient.', 'app', '2024-01-17 09:30:00'),
(5, 5, 2, 'Transaction failed and took 3 days to refund.', 'transaction', '2024-01-17 14:15:00'),
(6, NULL, 4, 'Good app but occasional glitches.', 'support', '2024-01-18 11:00:00'),
(7, 7, 3, 'Money request feature works but could be faster.', 'transaction', '2024-01-18 16:45:00'),
(8, NULL, 5, 'Best payment app I have used so far!', 'app', '2024-01-19 10:30:00'),
(9, 9, 4, 'Cashback offers are great but terms are confusing.', 'transaction', '2024-01-19 15:15:00'),
(10, NULL, 5, 'Customer support resolved my issue quickly.', 'support', '2024-01-20 09:45:00'),
(11, 11, 4, 'Fast transfers, good UI design.', 'transaction', '2024-01-20 14:30:00'),
(12, NULL, 3, 'Need more merchants for bill payments.', 'app', '2024-01-21 10:15:00'),
(13, 13, 5, 'Very secure platform. Love the fraud detection!', 'transaction', '2024-01-21 16:00:00'),
(14, NULL, 4, 'Good rewards program.', 'app', '2024-01-22 11:45:00'),
(15, 15, 2, 'Cashback not credited as promised.', 'transaction', '2024-01-22 15:30:00'),
(16, NULL, 5, 'Excellent customer service! Very responsive.', 'support', '2024-01-23 09:15:00'),
(17, 17, 4, 'Auto-pay feature works seamlessly.', 'transaction', '2024-01-23 13:45:00'),
(18, NULL, 3, 'App crashes sometimes on older phones.', 'app', '2024-01-24 10:30:00'),
(19, 19, 1, 'Terrible experience! Money stuck for a week.', 'transaction', '2024-01-24 16:15:00'),
(20, NULL, 4, 'Good loan options with reasonable interest.', 'support', '2024-01-25 09:00:00'),
(21, 21, 5, 'Love the cashback offers on bill payments!', 'transaction', '2024-01-25 14:45:00'),
(22, NULL, 4, 'Smooth interface, easy to use.', 'app', '2024-01-26 10:30:00'),
(23, 23, 3, 'Transaction history could be more detailed.', 'transaction', '2024-01-26 15:15:00'),
(24, NULL, 5, 'Best UPI app for daily transactions.', 'app', '2024-01-27 09:45:00'),
(25, 25, 4, 'Large amount transfer is secure but takes time.', 'transaction', '2024-01-27 14:30:00'),
(26, NULL, 5, 'Support team is very helpful and patient.', 'support', '2024-01-28 11:00:00'),
(27, 27, 4, 'Good discount coupons on partner merchants.', 'transaction', '2024-01-28 16:45:00'),
(28, NULL, 3, 'Need better notification system.', 'app', '2024-01-29 09:30:00'),
(29, 29, 5, 'Quick resolution of my refund request.', 'transaction', '2024-01-29 14:15:00'),
(30, NULL, 4, 'Easy bank account linking process.', 'app', '2024-01-30 10:00:00'),
(31, 31, 5, 'Loan disbursement was very fast!', 'transaction', '2024-01-30 15:45:00'),
(32, NULL, 4, 'Good security features like 2FA.', 'support', '2024-01-31 09:15:00'),
(33, 33, 3, 'Cashback takes too long to credit.', 'transaction', '2024-01-31 14:30:00'),
(34, NULL, 5, 'Very user-friendly for senior citizens.', 'app', '2024-02-01 10:45:00'),
(35, 35, 4, 'Auto-pay saved me from late fees.', 'transaction', '2024-02-01 16:00:00'),
(36, NULL, 2, 'App freezes during peak hours.', 'app', '2024-02-02 09:30:00'),
(37, 37, 5, 'Money request feature is very useful for splitting bills.', 'transaction', '2024-02-02 14:15:00'),
(38, NULL, 4, 'KYC verification was completed quickly.', 'support', '2024-02-03 10:00:00'),
(39, 39, 5, 'Great cashback on utility bill payments!', 'transaction', '2024-02-03 15:45:00'),
(40, NULL, 4, 'Good variety of payment options.', 'app', '2024-02-04 09:15:00'),
(41, 41, 5, 'Very reliable for business transactions.', 'transaction', '2024-02-04 14:30:00'),
(42, NULL, 3, 'UPI handle creation could be simpler.', 'app', '2024-02-05 11:00:00'),
(43, 43, 4, 'Merchant payments are instant.', 'transaction', '2024-02-05 16:45:00'),
(44, NULL, 5, 'Excellent fraud detection system.', 'support', '2024-02-06 09:30:00'),
(45, 45, 4, 'Good rewards and loyalty program.', 'transaction', '2024-02-06 14:15:00'),
(46, NULL, 3, 'Need more customer support channels.', 'app', '2024-02-07 10:45:00'),
(47, 47, 5, 'Bill payment reminders are very helpful.', 'transaction', '2024-02-07 16:00:00'),
(48, NULL, 4, 'Easy to track transaction history.', 'support', '2024-02-08 09:15:00'),
(49, 49, 5, 'Loan interest rates are competitive.', 'transaction', '2024-02-08 14:30:00'),
(50, NULL, 4, 'Good referral bonus program.', 'app', '2024-02-09 10:00:00'),
(51, 51, 3, 'Merchant refunds take too long.', 'transaction', '2024-02-09 15:45:00'),
(52, NULL, 5, 'Very secure and trustworthy platform.', 'app', '2024-02-10 09:30:00'),
(53, 53, 4, 'Cashback terms should be clearer.', 'transaction', '2024-02-10 14:15:00'),
(54, NULL, 5, 'Support team resolved my issue in 2 hours!', 'support', '2024-02-11 11:00:00'),
(55, 55, 2, 'Transaction failed multiple times.', 'transaction', '2024-02-11 16:30:00'),
(56, NULL, 4, 'Good integration with major banks.', 'app', '2024-02-12 09:45:00'),
(57, 57, 5, 'Auto-pay feature is a lifesaver!', 'transaction', '2024-02-12 14:00:00'),
(58, NULL, 3, 'App design could be more modern.', 'app', '2024-02-13 10:30:00'),
(59, 59, 4, 'Processing time has improved significantly.', 'transaction', '2024-02-13 15:45:00'),
(60, NULL, 5, 'Very helpful for managing multiple bank accounts.', 'support', '2024-02-14 09:00:00'),
(61, 61, 5, 'Loan approval was very fast!', 'transaction', '2024-02-14 14:30:00'),
(62, NULL, 4, 'Good educational content about financial literacy.', 'app', '2024-02-15 10:15:00'),
(63, 63, 3, 'Cashback offers keep changing frequently.', 'transaction', '2024-02-15 16:00:00'),
(64, NULL, 5, 'Excellent customer support via chat.', 'support', '2024-02-16 09:45:00'),
(65, 65, 4, 'Transaction statements are easy to download.', 'transaction', '2024-02-16 14:15:00'),
(66, NULL, 5, 'Best app for daily UPI payments.', 'app', '2024-02-17 10:30:00'),
(67, 67, 4, 'Auto-pay saved me from missing credit card payment.', 'transaction', '2024-02-17 15:45:00'),
(68, NULL, 3, 'Need more payment options for international transfers.', 'app', '2024-02-18 09:15:00'),
(69, 69, 5, 'Great merchant discounts and offers.', 'transaction', '2024-02-18 14:00:00'),
(70, NULL, 4, 'KYC process was smooth and fast.', 'support', '2024-02-19 10:45:00'),
(71, 71, 2, 'Refund took more than 10 days.', 'transaction', '2024-02-19 16:30:00'),
(72, NULL, 5, 'Love the instant transfer feature!', 'app', '2024-02-20 09:00:00'),
(73, 73, 4, 'Good security with transaction PIN.', 'transaction', '2024-02-20 14:45:00'),
(74, NULL, 5, 'Support team is available 24/7.', 'support', '2024-02-21 10:00:00'),
(75, 75, 3, 'Duplicate payment issue took time to resolve.', 'transaction', '2024-02-21 15:30:00'),
(76, NULL, 4, 'Good cashback on recharges.', 'app', '2024-02-22 09:45:00'),
(77, 77, 5, 'Very transparent about fees and charges.', 'transaction', '2024-02-22 14:15:00'),
(78, NULL, 4, 'App works smoothly on my device.', 'app', '2024-02-23 10:30:00'),
(79, 79, 3, 'Failed transaction refund should be automatic.', 'transaction', '2024-02-23 16:00:00'),
(80, NULL, 5, 'Excellent platform for freelancers to receive payments.', 'support', '2024-02-24 09:15:00'),
(81, 81, 4, 'Good dispute resolution mechanism.', 'transaction', '2024-02-24 14:45:00'),
(82, NULL, 5, 'Very intuitive user interface.', 'app', '2024-02-25 10:00:00'),
(83, 83, 4, 'Transaction tracking could be better.', 'transaction', '2024-02-25 15:30:00'),
(84, NULL, 5, 'Support team is very knowledgeable.', 'support', '2024-02-26 09:45:00'),
(85, 85, 3, 'Cashback crediting takes too long.', 'transaction', '2024-02-26 14:15:00'),
(86, NULL, 4, 'Good for small business payments.', 'app', '2024-02-27 10:30:00'),
(87, 87, 5, 'Love the UPI Lite feature for small payments!', 'transaction', '2024-02-27 15:45:00'),
(88, NULL, 4, 'Need better search in transaction history.', 'app', '2024-02-28 09:00:00'),
(89, 89, 5, 'Very helpful for tracking expenses.', 'transaction', '2024-02-28 14:30:00'),
(90, NULL, 4, 'Good integration with third-party apps.', 'support', '2024-02-29 10:15:00'),
(91, 91, 5, 'Best app for paying credit card bills.', 'transaction', '2024-03-01 15:00:00'),
(92, NULL, 3, 'App sometimes logs out automatically.', 'app', '2024-03-01 09:45:00'),
(93, 93, 4, 'Bill payment reminders are very useful.', 'transaction', '2024-03-02 14:15:00'),
(94, NULL, 5, 'Very responsive customer support on Twitter.', 'support', '2024-03-02 10:30:00'),
(95, 95, 5, 'Loan prepayment process is simple.', 'transaction', '2024-03-03 16:00:00'),
(96, NULL, 4, 'Good for managing subscriptions.', 'app', '2024-03-03 09:15:00'),
(97, 97, 3, 'Transaction pending issues need improvement.', 'transaction', '2024-03-04 14:45:00'),
(98, NULL, 5, 'Excellent app for digital payments!', 'app', '2024-03-04 10:00:00'),
(99, 99, 4, 'Merchant payment confirmation is instant.', 'transaction', '2024-03-05 15:30:00'),
(100, NULL, 5, 'Highly recommended for everyone!', 'support', '2024-03-05 09:45:00');

USE NexusPay1;
-- Active Users --
SELECT 
    COUNT(*) AS total_users,
    SUM(account_status = 'active') AS active_users
FROM Users;

-- KYC Status Distribution --
SELECT 
    kyc_status,
    COUNT(*) AS total_users
FROM Users
GROUP BY kyc_status;

-- Total Wallet Balance in System --
SELECT 
    SUM(balance) AS total_wallet_balance
FROM Wallets;

/*Total Transactions & Success Rate*/
SELECT 
    COUNT(*) AS total_transactions,
    SUM(transaction_status = 'success') AS successful_txn,
    ROUND(SUM(transaction_status = 'success') / COUNT(*) * 100, 2) AS success_rate
FROM Transactions;

/*Daily Transaction Trend*/
SELECT 
    DATE(created_at) AS txn_date,
    COUNT(*) AS total_txn,
    SUM(amount) AS total_amount
FROM Transactions
GROUP BY txn_date
ORDER BY txn_date;

/*Top 5 Users by Transaction Amount*/
SELECT 
    u.user_id,
    u.full_name,
    SUM(t.amount) AS total_spent
FROM Transactions t
JOIN Wallets w ON t.sender_wallet_id = w.wallet_id
JOIN Users u ON w.user_id = u.user_id
WHERE t.transaction_status = 'success'
GROUP BY u.user_id
ORDER BY total_spent DESC
LIMIT 5;

/*Merchant-wise Revenue*/
SELECT 
    m.merchant_name,
    SUM(r.amount) AS total_revenue
FROM Revenue r
JOIN Merchants m ON r.merchant_id = m.merchant_id
GROUP BY m.merchant_name
ORDER BY total_revenue DESC;

/*Transaction Type Distribution*/
SELECT 
    txn_type,
    COUNT(*) AS total_txn,
    SUM(amount) AS total_amount
FROM Transactions
GROUP BY txn_type;

/*Fraud Detection Summary*/
SELECT 
    fraud_status,
    COUNT(*) AS cases,
    AVG(risk_score) AS avg_risk_score
FROM FraudDetection
GROUP BY fraud_status;

/*High Risk Transactions (Fraud Alert)*/
SELECT 
    f.txn_id,
    f.user_id,
    f.risk_score,
    f.action_taken
FROM FraudDetection f
WHERE f.risk_score > 80;

/*Revenue by Type*/
SELECT 
    revenue_type,
    SUM(amount) AS total_revenue
FROM Revenue
GROUP BY revenue_type;

/*Support Ticket Status Overview*/
SELECT 
    status,
    COUNT(*) AS total_tickets
FROM SupportTickets
GROUP BY status;

/*Average Transaction Value*/
SELECT 
    ROUND(AVG(amount), 2) AS avg_transaction_value
FROM Transactions
WHERE transaction_status = 'success';


